,adr,num_cancelados,num_no_cancelados,tasa
0,0.0,213,1744,0.11
1,1.0,3,12,0.2
2,2.0,3,9,0.25
3,4.0,2,19,0.1
4,6.0,21,46,0.31
5,8.0,76,25,0.75
6,9.0,1,9,0.1
7,10.0,2,4,0.33
8,12.0,53,39,0.58
9,13.0,1,2,0.33
10,17.6,10,1,0.91
11,18.0,1,5,0.17
12,19.0,3,1,0.75
13,20.0,1,4,0.2
14,21.0,1,4,0.2
15,22.5,3,13,0.19
16,23.0,1,3,0.25
17,24.94,1,1,0.5
18,25.0,21,137,0.13
19,25.11,2,3,0.4
20,25.5,1,1,0.5
21,25.64,1,2,0.33
22,26.0,10,70,0.12
23,26.1,6,50,0.11
24,26.64,3,5,0.38
25,27.0,4,73,0.05
26,27.9,1,6,0.14
27,28.0,4,5,0.44
28,28.8,1,2,0.33
29,29.0,24,191,0.11
30,29.11,1,8,0.11
31,29.16,9,7,0.56
32,30.0,83,279,0.23
33,30.24,2,31,0.06
34,30.6,1,24,0.04
35,31.0,1,34,0.03
36,31.45,1,16,0.06
37,31.88,2,2,0.5
38,32.0,6,72,0.08
39,32.3,1,2,0.33
40,32.4,22,13,0.63
41,33.26,3,10,0.23
42,33.3,39,25,0.61
43,33.6,5,4,0.56
44,34.0,64,115,0.36
45,34.02,1,2,0.33
46,34.11,1,1,0.5
47,34.2,5,12,0.29
48,34.4,1,45,0.02
49,34.65,1,3,0.25
50,34.85,1,1,0.5
51,35.0,58,362,0.14
52,35.1,6,23,0.21
53,35.12,1,3,0.25
54,35.34,1,2,0.33
55,36.0,82,210,0.28
56,36.04,1,6,0.14
57,36.25,2,10,0.17
58,36.45,6,6,0.5
59,36.5,4,1,0.8
60,36.96,2,24,0.08
61,37.0,37,112,0.25
62,37.29,1,1,0.5
63,37.33,2,3,0.4
64,37.4,1,24,0.04
65,37.44,1,3,0.25
66,37.5,1,5,0.17
67,37.7,2,6,0.25
68,37.8,125,119,0.51
69,37.83,1,2,0.33
70,38.0,32,203,0.14
71,38.07,1,3,0.25
72,38.32,1,1,0.5
73,38.4,3,33,0.08
74,38.67,2,16,0.11
75,38.7,1,6,0.14
76,38.81,1,6,0.14
77,38.86,1,1,0.5
78,38.88,1,2,0.33
79,39.0,63,229,0.22
80,39.1,2,3,0.4
81,39.33,5,4,0.56
82,39.6,4,18,0.18
83,40.0,76,340,0.18
84,40.05,50,2,0.96
85,40.11,2,1,0.67
86,40.14,1,2,0.33
87,40.32,1,6,0.14
88,40.5,17,34,0.33
89,40.8,3,5,0.38
90,40.81,2,1,0.67
91,40.95,4,34,0.11
92,41.0,5,26,0.16
93,41.18,1,1,0.5
94,41.29,1,1,0.5
95,41.4,18,58,0.24
96,41.58,1,8,0.11
97,41.76,1,5,0.17
98,41.85,2,1,0.67
99,42.0,81,271,0.23
100,42.3,5,13,0.28
101,42.43,2,8,0.2
102,42.5,1,32,0.03
103,43.0,39,301,0.11
104,43.12,1,6,0.14
105,43.2,13,62,0.17
106,43.33,3,2,0.6
107,43.65,2,2,0.5
108,44.0,10,154,0.06
109,44.1,8,9,0.47
110,44.36,4,8,0.33
111,44.5,13,73,0.15
112,44.64,4,7,0.36
113,44.66,6,6,0.5
114,44.77,1,1,0.5
115,44.8,9,28,0.24
116,44.88,1,2,0.33
117,45.0,46,316,0.13
118,45.36,4,3,0.57
119,45.5,8,9,0.47
120,45.6,3,7,0.3
121,45.86,1,1,0.5
122,45.9,2,14,0.12
123,46.0,131,124,0.51
124,46.16,1,1,0.5
125,46.4,13,54,0.19
126,46.43,1,1,0.5
127,46.5,1,21,0.05
128,46.51,2,1,0.67
129,46.64,1,5,0.17
130,46.75,2,18,0.1
131,46.8,17,34,0.33
132,46.96,1,2,0.33
133,46.98,8,10,0.44
134,47.0,45,117,0.28
135,47.14,3,1,0.75
136,47.25,1,7,0.12
137,47.4,2,9,0.18
138,47.45,1,1,0.5
139,47.54,2,1,0.67
140,47.57,1,1,0.5
141,47.6,3,3,0.5
142,47.67,1,1,0.5
143,47.7,1,3,0.25
144,47.8,3,5,0.38
145,48.0,321,797,0.29
146,48.06,1,2,0.33
147,48.5,5,22,0.19
148,48.6,11,14,0.44
149,48.88,2,5,0.29
150,48.95,1,1,0.5
151,49.0,23,116,0.17
152,49.17,1,1,0.5
153,49.2,4,10,0.29
154,49.22,1,1,0.5
155,49.3,1,5,0.17
156,49.5,2,25,0.07
157,49.71,1,2,0.33
158,49.74,1,7,0.12
159,49.75,1,1,0.5
160,49.9,1,3,0.25
161,49.95,29,4,0.88
162,50.0,108,296,0.27
163,50.1,1,1,0.5
164,50.2,1,6,0.14
165,50.22,2,1,0.67
166,50.33,1,9,0.1
167,50.4,28,32,0.47
168,50.63,1,1,0.5
169,50.67,1,1,0.5
170,50.8,1,5,0.17
171,50.85,10,19,0.34
172,51.0,12,80,0.13
173,51.05,3,7,0.3
174,51.28,1,2,0.33
175,51.3,3,3,0.5
176,51.4,20,4,0.83
177,51.5,3,8,0.27
178,51.69,1,2,0.33
179,51.75,2,4,0.33
180,51.84,4,8,0.33
181,51.85,3,18,0.14
182,51.97,3,6,0.33
183,52.0,137,85,0.62
184,52.2,37,73,0.34
185,52.27,1,3,0.25
186,52.33,2,1,0.67
187,52.36,3,9,0.25
188,52.4,1,33,0.03
189,52.5,4,12,0.25
190,52.56,5,14,0.26
191,52.7,1,4,0.2
192,52.8,9,26,0.26
193,53.0,8,49,0.14
194,53.1,1,13,0.07
195,53.2,1,5,0.17
196,53.5,1,1,0.5
197,53.87,5,2,0.71
198,54.0,93,219,0.3
199,54.05,1,5,0.17
200,54.09,2,1,0.67
201,54.21,1,5,0.17
202,54.4,7,18,0.28
203,54.5,3,102,0.03
204,54.67,1,4,0.2
205,54.68,1,1,0.5
206,54.71,1,33,0.03
207,54.72,2,1,0.67
208,54.8,1,2,0.33
209,54.86,2,6,0.25
210,54.9,1,18,0.05
211,54.98,1,1,0.5
212,54.99,26,1,0.96
213,55.0,133,335,0.28
214,55.08,4,2,0.67
215,55.1,1,12,0.08
216,55.14,1,1,0.5
217,55.2,2,2,0.5
218,55.43,1,10,0.09
219,55.44,4,13,0.24
220,55.63,2,8,0.2
221,55.68,5,19,0.21
222,55.8,70,57,0.55
223,55.83,1,2,0.33
224,55.89,1,2,0.33
225,55.96,4,9,0.31
226,56.0,49,247,0.17
227,56.1,1,8,0.11
228,56.16,1,6,0.14
229,56.24,1,1,0.5
230,56.4,1,13,0.07
231,56.5,1,6,0.14
232,56.57,3,2,0.6
233,56.62,1,1,0.5
234,56.7,22,34,0.39
235,56.72,1,3,0.25
236,56.83,1,3,0.25
237,56.89,3,1,0.75
238,56.94,1,4,0.2
239,56.95,1,4,0.2
240,56.98,1,4,0.2
241,57.0,10,82,0.11
242,57.25,1,1,0.5
243,57.28,1,4,0.2
244,57.33,1,2,0.33
245,57.43,1,3,0.25
246,57.5,15,37,0.29
247,57.53,1,1,0.5
248,57.6,30,44,0.41
249,57.75,1,8,0.11
250,57.8,7,31,0.18
251,57.9,1,2,0.33
252,57.92,3,1,0.75
253,57.98,1,2,0.33
254,58.0,108,347,0.24
255,58.05,3,2,0.6
256,58.36,5,1,0.83
257,58.4,1,14,0.07
258,58.45,1,3,0.25
259,58.5,2,25,0.07
260,58.6,15,1,0.94
261,58.65,1,2,0.33
262,58.67,1,1,0.5
263,58.9,7,11,0.39
264,58.95,30,27,0.53
265,59.0,98,104,0.49
266,59.16,3,1,0.75
267,59.2,1,6,0.14
268,59.4,18,32,0.36
269,59.5,13,29,0.31
270,59.66,1,2,0.33
271,59.75,1,5,0.17
272,59.91,5,3,0.62
273,60.0,555,738,0.43
274,60.06,2,14,0.12
275,60.29,2,10,0.17
276,60.3,8,10,0.44
277,60.35,1,5,0.17
278,60.36,1,1,0.5
279,60.4,1,4,0.2
280,60.5,1,9,0.1
281,60.6,1,2,0.33
282,60.64,1,1,0.5
283,60.82,1,2,0.33
284,60.83,2,6,0.25
285,60.98,4,18,0.18
286,61.0,67,85,0.44
287,61.2,7,43,0.14
288,61.25,2,1,0.67
289,61.43,1,1,0.5
290,61.5,3,25,0.11
291,61.52,2,4,0.33
292,61.56,2,6,0.25
293,61.65,1,8,0.11
294,61.67,1,2,0.33
295,61.68,1,4,0.2
296,61.8,1,7,0.12
297,62.0,2848,718,0.8
298,62.1,2,4,0.33
299,62.18,5,8,0.38
300,62.2,1,5,0.17
301,62.29,4,4,0.5
302,62.37,2,8,0.2
303,62.4,3,12,0.2
304,62.5,2,30,0.06
305,62.64,1,4,0.2
306,62.73,1,2,0.33
307,62.8,531,14,0.97
308,62.83,2,6,0.25
309,62.86,1,4,0.2
310,62.88,1,1,0.5
311,62.9,3,23,0.12
312,63.0,40,129,0.24
313,63.03,5,1,0.83
314,63.06,1,3,0.25
315,63.14,1,5,0.17
316,63.2,2,11,0.15
317,63.3,1,2,0.33
318,63.36,4,8,0.33
319,63.4,25,10,0.71
320,63.45,1,1,0.5
321,63.47,1,2,0.33
322,63.5,6,15,0.29
323,63.58,2,9,0.18
324,63.6,1,7,0.12
325,63.68,1,1,0.5
326,63.75,49,55,0.47
327,63.9,2,10,0.17
328,63.92,2,3,0.4
329,64.0,128,235,0.35
330,64.08,1,2,0.33
331,64.1,1,7,0.12
332,64.4,2,5,0.29
333,64.5,2,17,0.11
334,64.6,1,5,0.17
335,64.64,1,5,0.17
336,64.67,1,21,0.05
337,64.68,1,4,0.2
338,64.75,2,2,0.5
339,64.8,21,60,0.26
340,64.85,1,1,0.5
341,64.98,1,2,0.33
342,65.0,754,1629,0.32
343,65.1,1,7,0.12
344,65.18,1,5,0.17
345,65.2,1,4,0.2
346,65.27,1,1,0.5
347,65.29,4,8,0.33
348,65.33,1,5,0.17
349,65.4,2,27,0.07
350,65.42,1,1,0.5
351,65.43,1,2,0.33
352,65.45,6,21,0.22
353,65.49,1,8,0.11
354,65.5,2,11,0.15
355,65.55,1,2,0.33
356,65.6,1,12,0.08
357,65.66,5,3,0.62
358,65.7,13,18,0.42
359,65.8,1,5,0.17
360,65.83,3,18,0.14
361,65.91,1,4,0.2
362,66.0,76,407,0.16
363,66.02,3,1,0.75
364,66.13,1,3,0.25
365,66.22,1,6,0.14
366,66.24,1,2,0.33
367,66.29,7,2,0.78
368,66.3,8,7,0.53
369,66.34,1,2,0.33
370,66.42,1,6,0.14
371,66.43,2,1,0.67
372,66.5,2,16,0.11
373,66.6,17,17,0.5
374,66.64,3,4,0.43
375,66.67,1,1,0.5
376,66.7,2,4,0.33
377,66.76,1,1,0.5
378,66.8,1,17,0.06
379,67.0,103,355,0.22
380,67.05,10,2,0.83
381,67.15,14,35,0.29
382,67.2,1,3,0.25
383,67.22,1,11,0.08
384,67.25,2,1,0.67
385,67.26,3,2,0.6
386,67.31,1,8,0.11
387,67.32,10,6,0.62
388,67.33,1,1,0.5
389,67.5,93,120,0.44
390,67.58,6,13,0.32
391,67.66,1,1,0.5
392,67.75,1,2,0.33
393,67.79,1,1,0.5
394,67.8,2,5,0.29
395,67.81,1,1,0.5
396,67.91,1,3,0.25
397,67.95,1,2,0.33
398,68.0,220,498,0.31
399,68.07,2,32,0.06
400,68.17,1,1,0.5
401,68.23,1,2,0.33
402,68.33,2,5,0.29
403,68.35,1,1,0.5
404,68.4,26,45,0.37
405,68.47,2,11,0.15
406,68.5,4,20,0.17
407,68.53,1,9,0.1
408,68.56,1,1,0.5
409,68.57,1,3,0.25
410,68.61,2,13,0.13
411,68.64,1,3,0.25
412,68.65,1,2,0.33
413,68.7,2,2,0.5
414,68.72,1,5,0.17
415,68.8,1,9,0.1
416,68.85,3,11,0.21
417,68.86,1,2,0.33
418,68.88,1,8,0.11
419,68.95,2,8,0.2
420,69.0,36,127,0.22
421,69.02,1,2,0.33
422,69.04,1,1,0.5
423,69.29,17,7,0.71
424,69.3,2,14,0.12
425,69.33,1,5,0.17
426,69.35,1,1,0.5
427,69.36,12,6,0.67
428,69.5,6,44,0.12
429,69.52,1,4,0.2
430,69.53,1,10,0.09
431,69.56,1,7,0.12
432,69.58,1,1,0.5
433,69.6,3,5,0.38
434,69.67,1,2,0.33
435,69.7,7,10,0.41
436,69.76,2,1,0.67
437,69.99,1,5,0.17
438,70.0,449,576,0.44
439,70.03,2,12,0.14
440,70.07,4,1,0.8
441,70.11,2,4,0.33
442,70.17,1,1,0.5
443,70.2,6,26,0.19
444,70.3,1,2,0.33
445,70.33,1,6,0.14
446,70.4,10,43,0.19
447,70.46,1,1,0.5
448,70.53,21,1,0.95
449,70.55,4,2,0.67
450,70.56,1,2,0.33
451,70.67,1,8,0.11
452,70.69,2,15,0.12
453,70.72,2,8,0.2
454,70.75,11,4,0.73
455,70.8,3,6,0.33
456,70.88,1,3,0.25
457,70.91,1,1,0.5
458,71.0,15,159,0.09
459,71.1,52,84,0.38
460,71.19,6,2,0.75
461,71.2,3,13,0.19
462,71.22,2,1,0.67
463,71.23,1,3,0.25
464,71.25,2,5,0.29
465,71.28,27,5,0.84
466,71.33,1,10,0.09
467,71.4,5,12,0.29
468,71.43,4,2,0.67
469,71.46,1,2,0.33
470,71.5,1,4,0.2
471,71.55,4,12,0.25
472,71.57,1,1,0.5
473,71.6,2,16,0.11
474,71.67,1,6,0.14
475,71.76,1,2,0.33
476,72.0,231,293,0.44
477,72.07,2,19,0.1
478,72.08,4,3,0.57
479,72.12,2,2,0.5
480,72.21,1,1,0.5
481,72.24,5,3,0.62
482,72.25,76,230,0.25
483,72.36,1,2,0.33
484,72.38,2,9,0.18
485,72.4,2,3,0.4
486,72.42,1,22,0.04
487,72.45,2,4,0.33
488,72.5,6,32,0.16
489,72.67,2,4,0.33
490,72.75,2,59,0.03
491,72.76,1,20,0.05
492,72.8,8,8,0.5
493,72.86,1,2,0.33
494,72.9,24,11,0.69
495,72.97,1,1,0.5
496,73.0,67,182,0.27
497,73.08,1,3,0.25
498,73.1,7,9,0.44
499,73.15,1,19,0.05
500,73.33,24,49,0.33
501,73.35,1,5,0.17
502,73.37,1,17,0.06
503,73.4,1,4,0.2
504,73.41,2,3,0.4
505,73.44,1,6,0.14
506,73.5,7,18,0.28
507,73.67,2,1,0.67
508,73.71,1,4,0.2
509,73.75,1,3,0.25
510,73.8,21,25,0.46
511,73.89,1,1,0.5
512,73.9,4,15,0.21
513,73.95,47,27,0.64
514,74.0,25,142,0.15
515,74.06,1,3,0.25
516,74.1,2,3,0.4
517,74.15,4,10,0.29
518,74.2,1,6,0.14
519,74.23,1,1,0.5
520,74.25,32,27,0.54
521,74.28,1,1,0.5
522,74.29,1,1,0.5
523,74.4,1,7,0.12
524,74.53,1,2,0.33
525,74.57,1,5,0.17
526,74.6,1,11,0.08
527,74.61,1,12,0.08
528,74.7,4,8,0.33
529,74.75,4,4,0.5
530,74.8,215,208,0.51
531,74.84,2,3,0.4
532,75.0,1131,1495,0.43
533,75.05,1,1,0.5
534,75.15,1,1,0.5
535,75.23,1,3,0.25
536,75.24,1,3,0.25
537,75.3,1,1,0.5
538,75.33,2,23,0.08
539,75.34,1,2,0.33
540,75.43,1,2,0.33
541,75.44,2,5,0.29
542,75.5,5,2,0.71
543,75.54,3,7,0.3
544,75.6,15,44,0.25
545,75.65,5,17,0.23
546,75.66,1,1,0.5
547,75.8,1,6,0.14
548,75.82,1,1,0.5
549,75.86,2,2,0.5
550,75.89,1,2,0.33
551,75.9,4,2,0.67
552,75.99,2,1,0.67
553,76.0,40,196,0.17
554,76.12,1,1,0.5
555,76.16,4,4,0.5
556,76.2,3,2,0.6
557,76.22,1,4,0.2
558,76.24,2,4,0.33
559,76.29,5,2,0.71
560,76.3,1,4,0.2
561,76.33,1,3,0.25
562,76.38,1,1,0.5
563,76.46,1,1,0.5
564,76.48,1,1,0.5
565,76.5,205,210,0.49
566,76.58,3,13,0.19
567,76.67,30,59,0.34
568,76.72,1,1,0.5
569,76.75,1,3,0.25
570,76.76,2,2,0.5
571,76.81,1,8,0.11
572,76.86,1,2,0.33
573,76.9,1,1,0.5
574,76.92,3,6,0.33
575,76.93,9,3,0.75
576,76.95,2,2,0.5
577,77.0,21,136,0.13
578,77.01,1,1,0.5
579,77.03,1,19,0.05
580,77.14,3,6,0.33
581,77.22,1,1,0.5
582,77.23,6,19,0.24
583,77.25,10,17,0.37
584,77.29,1,3,0.25
585,77.35,31,10,0.76
586,77.4,7,12,0.37
587,77.44,2,1,0.67
588,77.5,21,19,0.52
589,77.6,5,18,0.22
590,77.69,1,4,0.2
591,77.71,1,3,0.25
592,77.73,1,1,0.5
593,77.75,1,2,0.33
594,77.76,3,9,0.25
595,77.78,1,9,0.1
596,77.85,6,8,0.43
597,77.86,9,10,0.47
598,77.88,3,1,0.75
599,77.89,1,3,0.25
600,77.93,1,3,0.25
601,78.0,121,257,0.32
602,78.15,7,5,0.58
603,78.2,11,15,0.42
604,78.26,2,1,0.67
605,78.3,51,58,0.47
606,78.31,1,4,0.2
607,78.33,1,4,0.2
608,78.35,2,12,0.14
609,78.4,8,22,0.27
610,78.41,1,3,0.25
611,78.5,11,28,0.28
612,78.53,1,1,0.5
613,78.55,1,1,0.5
614,78.56,2,4,0.33
615,78.57,2,2,0.5
616,78.6,1,6,0.14
617,78.63,1,3,0.25
618,78.69,1,1,0.5
619,78.75,1,2,0.33
620,78.77,1,1,0.5
621,78.8,2,7,0.22
622,78.81,2,3,0.4
623,78.85,1,13,0.07
624,78.94,2,4,0.33
625,79.0,174,309,0.36
626,79.05,4,8,0.33
627,79.11,3,1,0.75
628,79.14,1,1,0.5
629,79.2,282,338,0.45
630,79.25,1,1,0.5
631,79.26,2,1,0.67
632,79.27,1,2,0.33
633,79.3,1,4,0.2
634,79.33,2,2,0.5
635,79.35,2,4,0.33
636,79.43,12,4,0.75
637,79.48,1,6,0.14
638,79.5,22,54,0.29
639,79.54,2,1,0.67
640,79.56,5,8,0.38
641,79.64,1,2,0.33
642,79.66,1,2,0.33
643,79.67,1,3,0.25
644,79.72,2,1,0.67
645,79.74,2,2,0.5
646,79.75,2,5,0.29
647,79.8,5,14,0.26
648,79.84,3,3,0.5
649,79.85,1,8,0.11
650,79.88,1,2,0.33
651,79.9,1,11,0.08
652,80.0,1033,810,0.56
653,80.07,1,1,0.5
654,80.08,1,5,0.17
655,80.09,2,2,0.5
656,80.1,111,226,0.33
657,80.14,1,2,0.33
658,80.16,2,1,0.67
659,80.24,2,14,0.12
660,80.26,1,2,0.33
661,80.3,1,65,0.02
662,80.39,1,3,0.25
663,80.4,2,4,0.33
664,80.44,1,1,0.5
665,80.47,1,3,0.25
666,80.57,1,1,0.5
667,80.67,1,1,0.5
668,80.7,3,1,0.75
669,80.75,85,304,0.22
670,80.76,2,5,0.29
671,80.8,1,7,0.12
672,80.85,2,23,0.08
673,81.0,137,291,0.32
674,81.08,2,13,0.13
675,81.09,2,3,0.4
676,81.2,1,15,0.06
677,81.25,3,15,0.17
678,81.3,1,4,0.2
679,81.43,1,4,0.2
680,81.45,2,2,0.5
681,81.5,5,16,0.24
682,81.55,1,2,0.33
683,81.6,5,13,0.28
684,81.67,1,17,0.06
685,81.7,2,3,0.4
686,81.76,2,7,0.22
687,81.77,1,15,0.06
688,81.81,2,4,0.33
689,81.82,4,7,0.36
690,81.86,1,3,0.25
691,81.9,37,54,0.41
692,82.0,66,152,0.3
693,82.03,1,1,0.5
694,82.07,1,1,0.5
695,82.11,2,1,0.67
696,82.13,6,4,0.6
697,82.2,1,3,0.25
698,82.28,2,3,0.4
699,82.29,1,3,0.25
700,82.33,1,3,0.25
701,82.35,1,12,0.08
702,82.4,1,10,0.09
703,82.44,4,12,0.25
704,82.45,25,68,0.27
705,82.47,1,6,0.14
706,82.5,4,11,0.27
707,82.67,1,3,0.25
708,82.69,1,3,0.25
709,82.72,1,1,0.5
710,82.73,1,1,0.5
711,82.76,1,1,0.5
712,82.79,2,1,0.67
713,82.8,18,20,0.47
714,82.88,20,25,0.44
715,82.94,1,1,0.5
716,82.95,1,4,0.2
717,82.96,1,1,0.5
718,83.0,8,90,0.08
719,83.01,1,1,0.5
720,83.03,3,2,0.6
721,83.05,1,2,0.33
722,83.06,2,1,0.67
723,83.09,1,2,0.33
724,83.16,3,23,0.12
725,83.2,4,10,0.29
726,83.25,2,1,0.67
727,83.3,12,21,0.36
728,83.4,2,1,0.67
729,83.43,7,2,0.78
730,83.5,3,16,0.16
731,83.55,2,2,0.5
732,83.58,3,3,0.5
733,83.6,3,8,0.27
734,83.61,1,5,0.17
735,83.66,2,4,0.33
736,83.7,4,15,0.21
737,83.71,1,2,0.33
738,83.85,1,6,0.14
739,83.9,1,17,0.06
740,83.93,1,4,0.2
741,84.0,132,229,0.37
742,84.05,1,1,0.5
743,84.15,11,17,0.39
744,84.21,1,1,0.5
745,84.24,5,1,0.83
746,84.3,3,2,0.6
747,84.32,1,1,0.5
748,84.33,1,17,0.06
749,84.39,1,2,0.33
750,84.4,1,1,0.5
751,84.43,2,6,0.25
752,84.47,4,1,0.8
753,84.5,2,18,0.1
754,84.55,2,2,0.5
755,84.57,1,1,0.5
756,84.58,1,13,0.07
757,84.6,36,18,0.67
758,84.67,1,3,0.25
759,84.69,1,3,0.25
760,84.7,4,15,0.21
761,84.8,1,23,0.04
762,84.9,3,4,0.43
763,85.0,565,952,0.37
764,85.03,1,3,0.25
765,85.05,1,6,0.14
766,85.14,1,1,0.5
767,85.16,1,1,0.5
768,85.2,1,6,0.14
769,85.24,2,1,0.67
770,85.25,2,2,0.5
771,85.29,2,3,0.4
772,85.33,3,51,0.06
773,85.5,129,234,0.36
774,85.59,1,13,0.07
775,85.6,5,10,0.33
776,85.67,1,174,0.01
777,85.68,1,2,0.33
778,85.75,6,12,0.33
779,85.8,6,7,0.46
780,85.85,13,18,0.42
781,85.86,1,3,0.25
782,86.0,174,178,0.49
783,86.1,1,5,0.17
784,86.14,1,1,0.5
785,86.16,1,1,0.5
786,86.2,1,5,0.17
787,86.25,2,5,0.29
788,86.28,1,4,0.2
789,86.29,2,1,0.67
790,86.3,1,1,0.5
791,86.36,3,11,0.21
792,86.4,46,55,0.46
793,86.5,7,17,0.29
794,86.58,2,1,0.67
795,86.62,5,3,0.62
796,86.63,6,21,0.22
797,86.7,13,19,0.41
798,86.75,8,9,0.47
799,86.8,1,2,0.33
800,86.82,1,4,0.2
801,86.88,1,1,0.5
802,86.9,2,9,0.18
803,86.92,1,1,0.5
804,86.98,1,1,0.5
805,87.0,51,253,0.17
806,87.04,1,5,0.17
807,87.05,4,4,0.5
808,87.13,5,5,0.5
809,87.2,1,10,0.09
810,87.3,31,50,0.38
811,87.31,1,2,0.33
812,87.33,1,2,0.33
813,87.48,1,2,0.33
814,87.5,3,31,0.09
815,87.55,1,7,0.12
816,87.67,1,9,0.1
817,87.69,1,5,0.17
818,87.75,5,10,0.33
819,87.78,3,25,0.11
820,87.9,3,5,0.38
821,87.98,1,1,0.5
822,88.0,165,394,0.3
823,88.2,32,81,0.28
824,88.27,1,1,0.5
825,88.29,2,6,0.25
826,88.33,3,4,0.43
827,88.39,1,2,0.33
828,88.4,119,160,0.43
829,88.5,12,24,0.33
830,88.56,1,9,0.1
831,88.6,1,3,0.25
832,88.61,1,1,0.5
833,88.65,1,1,0.5
834,88.67,1,3,0.25
835,88.74,3,3,0.5
836,88.75,1,2,0.33
837,88.76,1,4,0.2
838,88.77,1,7,0.12
839,88.8,2,12,0.14
840,88.83,5,8,0.38
841,88.84,1,1,0.5
842,88.9,1,9,0.1
843,88.98,1,2,0.33
844,89.0,318,395,0.45
845,89.06,2,1,0.67
846,89.08,1,1,0.5
847,89.1,215,391,0.35
848,89.17,1,4,0.2
849,89.2,14,19,0.42
850,89.25,78,134,0.37
851,89.3,2,22,0.08
852,89.32,1,5,0.17
853,89.39,1,1,0.5
854,89.4,5,18,0.22
855,89.5,4,18,0.18
856,89.54,1,3,0.25
857,89.59,1,4,0.2
858,89.67,2,3,0.4
859,89.7,3,3,0.5
860,89.74,1,1,0.5
861,89.75,1,21,0.05
862,89.76,2,4,0.33
863,89.78,1,4,0.2
864,89.89,6,11,0.35
865,89.91,1,2,0.33
866,89.97,1,1,0.5
867,90.0,1441,963,0.6
868,90.05,2,2,0.5
869,90.09,2,19,0.1
870,90.1,26,80,0.25
871,90.17,1,2,0.33
872,90.23,2,3,0.4
873,90.25,2,9,0.18
874,90.3,2,12,0.14
875,90.33,3,8,0.27
876,90.45,2,3,0.4
877,90.5,1,10,0.09
878,90.6,5,12,0.29
879,90.63,1,2,0.33
880,90.64,2,2,0.5
881,90.67,5,45,0.1
882,90.71,1,7,0.12
883,90.86,1,3,0.25
884,90.9,46,74,0.38
885,90.95,90,235,0.28
886,91.0,43,169,0.2
887,91.08,1,1,0.5
888,91.13,1,3,0.25
889,91.15,1,1,0.5
890,91.2,10,19,0.34
891,91.25,1,3,0.25
892,91.3,1,2,0.33
893,91.33,8,12,0.4
894,91.35,1,2,0.33
895,91.38,3,14,0.18
896,91.4,1,3,0.25
897,91.44,3,3,0.5
898,91.45,1,6,0.14
899,91.48,1,20,0.05
900,91.5,12,38,0.24
901,91.51,1,7,0.12
902,91.58,1,7,0.12
903,91.6,8,13,0.38
904,91.63,2,5,0.29
905,91.67,4,16,0.2
906,91.68,2,2,0.5
907,91.8,51,103,0.33
908,91.85,6,6,0.5
909,91.93,2,6,0.25
910,92.0,62,154,0.29
911,92.03,1,1,0.5
912,92.1,2,15,0.12
913,92.14,2,1,0.67
914,92.17,1,15,0.06
915,92.25,2,3,0.4
916,92.28,3,11,0.21
917,92.29,1,2,0.33
918,92.31,1,2,0.33
919,92.33,1,3,0.25
920,92.4,5,30,0.14
921,92.48,2,1,0.67
922,92.5,6,15,0.29
923,92.55,1,5,0.17
924,92.6,1,1,0.5
925,92.63,2,3,0.4
926,92.65,11,37,0.23
927,92.67,2,7,0.22
928,92.7,4,4,0.5
929,92.75,1,2,0.33
930,92.8,1,4,0.2
931,92.82,2,2,0.5
932,92.83,2,4,0.33
933,92.85,1,2,0.33
934,92.86,1,4,0.2
935,92.88,3,1,0.75
936,92.95,1,2,0.33
937,93.0,39,187,0.17
938,93.06,1,2,0.33
939,93.08,10,11,0.48
940,93.09,1,4,0.2
941,93.15,16,1,0.94
942,93.17,1,7,0.12
943,93.29,2,1,0.67
944,93.3,4,5,0.44
945,93.33,4,21,0.16
946,93.38,5,5,0.5
947,93.5,18,40,0.31
948,93.55,1,1,0.5
949,93.57,3,2,0.6
950,93.6,153,129,0.54
951,93.64,1,3,0.25
952,93.65,3,3,0.5
953,93.67,1,5,0.17
954,93.75,2,8,0.2
955,93.78,2,5,0.29
956,93.88,1,1,0.5
957,93.9,3,1,0.75
958,93.94,2,1,0.67
959,93.96,1,1,0.5
960,94.0,16,116,0.12
961,94.05,8,4,0.67
962,94.1,1,3,0.25
963,94.16,1,1,0.5
964,94.2,2,3,0.4
965,94.24,1,1,0.5
966,94.25,2,7,0.22
967,94.29,2,4,0.33
968,94.33,2,2,0.5
969,94.35,10,17,0.37
970,94.36,1,5,0.17
971,94.4,3,6,0.33
972,94.5,224,283,0.44
973,94.59,1,2,0.33
974,94.62,2,1,0.67
975,94.63,1,1,0.5
976,94.78,4,1,0.8
977,94.8,6,16,0.27
978,94.86,3,6,0.33
979,94.88,1,1,0.5
980,94.95,1,10,0.09
981,94.99,2,3,0.4
982,95.0,676,934,0.42
983,95.02,2,1,0.67
984,95.04,1,4,0.2
985,95.1,5,4,0.56
986,95.16,1,1,0.5
987,95.2,15,39,0.28
988,95.33,2,5,0.29
989,95.38,2,7,0.22
990,95.4,59,64,0.48
991,95.48,1,13,0.07
992,95.56,1,1,0.5
993,95.63,3,4,0.43
994,95.67,2,20,0.09
995,95.69,1,3,0.25
996,95.7,8,7,0.53
997,95.71,1,3,0.25
998,95.76,1,7,0.12
999,95.81,2,1,0.67
1000,95.85,1,5,0.17
1001,95.88,5,6,0.45
1002,95.9,1,1,0.5
1003,95.95,1,2,0.33
1004,95.98,1,2,0.33
1005,96.0,235,236,0.5
1006,96.05,7,9,0.44
1007,96.14,1,2,0.33
1008,96.17,3,1,0.75
1009,96.2,2,1,0.67
1010,96.21,1,1,0.5
1011,96.23,2,1,0.67
1012,96.25,3,22,0.12
1013,96.3,113,248,0.31
1014,96.33,2,10,0.17
1015,96.39,3,2,0.6
1016,96.4,7,6,0.54
1017,96.43,2,1,0.67
1018,96.48,2,1,0.67
1019,96.5,4,8,0.33
1020,96.53,1,5,0.17
1021,96.56,1,4,0.2
1022,96.6,1,8,0.11
1023,96.67,1,12,0.08
1024,96.8,3,5,0.38
1025,96.9,34,94,0.27
1026,96.91,2,6,0.25
1027,96.94,1,2,0.33
1028,96.99,1,3,0.25
1029,97.0,32,152,0.17
1030,97.02,7,37,0.16
1031,97.07,1,1,0.5
1032,97.2,49,79,0.38
1033,97.29,1,2,0.33
1034,97.3,9,2,0.82
1035,97.33,8,5,0.62
1036,97.35,3,1,0.75
1037,97.5,19,25,0.43
1038,97.54,2,11,0.15
1039,97.56,1,2,0.33
1040,97.58,2,2,0.5
1041,97.6,1,3,0.25
1042,97.63,2,2,0.5
1043,97.65,1,4,0.2
1044,97.67,3,1,0.75
1045,97.7,1,3,0.25
1046,97.71,18,13,0.58
1047,97.75,24,34,0.41
1048,97.88,1,1,0.5
1049,97.92,2,11,0.15
1050,97.99,1,1,0.5
1051,98.0,102,379,0.21
1052,98.02,1,2,0.33
1053,98.1,76,89,0.46
1054,98.11,1,1,0.5
1055,98.18,3,1,0.75
1056,98.25,4,9,0.31
1057,98.28,1,7,0.12
1058,98.33,3,8,0.27
1059,98.36,1,1,0.5
1060,98.39,2,1,0.67
1061,98.4,5,29,0.15
1062,98.41,2,1,0.67
1063,98.5,1,10,0.09
1064,98.55,2,6,0.25
1065,98.6,12,29,0.29
1066,98.67,2,5,0.29
1067,98.8,2,12,0.14
1068,98.82,2,1,0.67
1069,98.93,1,1,0.5
1070,98.94,3,4,0.43
1071,99.0,341,563,0.38
1072,99.03,1,2,0.33
1073,99.07,1,1,0.5
1074,99.17,2,1,0.67
1075,99.2,3,15,0.17
1076,99.21,1,1,0.5
1077,99.24,3,3,0.5
1078,99.28,3,6,0.33
1079,99.29,1,1,0.5
1080,99.3,7,20,0.26
1081,99.33,1,8,0.11
1082,99.45,66,118,0.36
1083,99.48,1,3,0.25
1084,99.5,7,17,0.29
1085,99.63,2,3,0.4
1086,99.68,1,2,0.33
1087,99.7,2,4,0.33
1088,99.71,3,3,0.5
1089,99.75,3,1,0.75
1090,99.8,1,1,0.5
1091,99.85,2,2,0.5
1092,99.88,2,8,0.2
1093,99.9,45,50,0.47
1094,99.95,3,6,0.33
1095,99.96,1,2,0.33
1096,100.0,888,588,0.6
1097,100.1,1,13,0.07
1098,100.2,2,12,0.14
1099,100.25,2,6,0.25
1100,100.3,86,96,0.47
1101,100.38,1,2,0.33
1102,100.43,1,1,0.5
1103,100.44,3,2,0.6
1104,100.5,3,11,0.21
1105,100.51,1,1,0.5
1106,100.6,2,7,0.22
1107,100.63,1,3,0.25
1108,100.67,2,6,0.25
1109,100.7,1,6,0.14
1110,100.8,47,67,0.41
1111,100.86,2,2,0.5
1112,100.87,2,6,0.25
1113,101.0,101,118,0.46
1114,101.03,1,2,0.33
1115,101.1,7,1,0.88
1116,101.15,12,17,0.41
1117,101.25,12,9,0.57
1118,101.31,2,2,0.5
1119,101.33,2,28,0.07
1120,101.34,1,2,0.33
1121,101.38,1,3,0.25
1122,101.4,2,11,0.15
1123,101.43,1,4,0.2
1124,101.5,355,58,0.86
1125,101.51,1,2,0.33
1126,101.58,4,10,0.29
1127,101.68,1,6,0.14
1128,101.7,14,19,0.42
1129,101.72,1,3,0.25
1130,101.75,1,6,0.14
1131,101.78,1,1,0.5
1132,101.8,2,2,0.5
1133,101.87,1,3,0.25
1134,101.98,1,1,0.5
1135,102.0,24,125,0.16
1136,102.04,5,3,0.62
1137,102.1,1,8,0.11
1138,102.15,3,2,0.6
1139,102.24,1,1,0.5
1140,102.25,4,8,0.33
1141,102.28,1,1,0.5
1142,102.3,2,22,0.08
1143,102.33,5,7,0.42
1144,102.38,1,2,0.33
1145,102.43,13,8,0.62
1146,102.5,5,10,0.33
1147,102.51,1,1,0.5
1148,102.56,2,3,0.4
1149,102.6,49,60,0.45
1150,102.68,2,6,0.25
1151,102.7,1,3,0.25
1152,102.72,2,1,0.67
1153,102.75,1,1,0.5
1154,102.85,14,15,0.48
1155,103.0,34,75,0.31
1156,103.05,16,22,0.42
1157,103.19,1,1,0.5
1158,103.2,4,8,0.33
1159,103.33,1,1,0.5
1160,103.37,1,1,0.5
1161,103.46,1,1,0.5
1162,103.5,88,116,0.43
1163,103.55,1,1,0.5
1164,103.57,1,2,0.33
1165,103.6,3,8,0.27
1166,103.68,2,4,0.33
1167,103.7,29,26,0.53
1168,103.71,1,1,0.5
1169,103.75,4,3,0.57
1170,103.76,1,1,0.5
1171,103.8,8,9,0.47
1172,103.84,1,8,0.11
1173,103.95,3,17,0.15
1174,104.0,55,311,0.15
1175,104.05,3,4,0.43
1176,104.18,1,1,0.5
1177,104.22,1,1,0.5
1178,104.25,3,3,0.5
1179,104.4,41,58,0.41
1180,104.49,4,4,0.5
1181,104.5,3,18,0.14
1182,104.55,19,24,0.44
1183,104.64,1,3,0.25
1184,104.72,4,10,0.29
1185,104.73,2,2,0.5
1186,104.75,1,1,0.5
1187,104.76,3,4,0.43
1188,104.79,1,1,0.5
1189,104.85,7,36,0.16
1190,104.98,1,3,0.25
1191,105.0,373,324,0.54
1192,105.08,1,1,0.5
1193,105.12,2,1,0.67
1194,105.13,1,1,0.5
1195,105.2,1,4,0.2
1196,105.28,1,2,0.33
1197,105.3,113,161,0.41
1198,105.33,2,17,0.11
1199,105.34,1,4,0.2
1200,105.4,19,29,0.4
1201,105.47,2,1,0.67
1202,105.5,3,19,0.14
1203,105.6,3,5,0.38
1204,105.61,6,3,0.67
1205,105.71,1,1,0.5
1206,105.75,6,12,0.33
1207,105.8,2,1,0.67
1208,105.83,3,9,0.25
1209,105.84,3,1,0.75
1210,105.9,2,16,0.11
1211,106.0,72,168,0.3
1212,106.03,1,3,0.25
1213,106.13,1,3,0.25
1214,106.2,90,77,0.54
1215,106.25,12,31,0.28
1216,106.3,1,8,0.11
1217,106.33,2,12,0.14
1218,106.35,2,5,0.29
1219,106.4,4,18,0.18
1220,106.5,3,25,0.11
1221,106.53,1,1,0.5
1222,106.56,1,2,0.33
1223,106.59,2,2,0.5
1224,106.6,1,2,0.33
1225,106.65,4,5,0.44
1226,106.67,3,12,0.2
1227,106.68,2,4,0.33
1228,106.7,2,1,0.67
1229,106.71,1,3,0.25
1230,106.74,2,1,0.67
1231,106.75,3,7,0.3
1232,106.8,2,7,0.22
1233,106.84,1,2,0.33
1234,106.88,1,3,0.25
1235,106.9,1,1,0.5
1236,107.0,37,256,0.13
1237,107.1,203,216,0.48
1238,107.2,6,11,0.35
1239,107.33,3,2,0.6
1240,107.38,1,1,0.5
1241,107.42,1,2,0.33
1242,107.55,4,5,0.44
1243,107.57,1,1,0.5
1244,107.6,2,2,0.5
1245,107.63,1,2,0.33
1246,107.64,2,1,0.67
1247,107.67,1,8,0.11
1248,107.7,1,1,0.5
1249,107.75,1,1,0.5
1250,107.8,1,2,0.33
1251,107.82,1,1,0.5
1252,107.95,16,25,0.39
1253,108.0,301,512,0.37
1254,108.1,1,2,0.33
1255,108.11,2,11,0.15
1256,108.15,1,2,0.33
1257,108.17,1,2,0.33
1258,108.26,1,2,0.33
1259,108.3,6,15,0.29
1260,108.33,3,4,0.43
1261,108.38,5,5,0.5
1262,108.4,1,3,0.25
1263,108.42,1,9,0.1
1264,108.45,4,10,0.29
1265,108.5,1,13,0.07
1266,108.54,3,1,0.75
1267,108.57,4,5,0.44
1268,108.67,4,6,0.4
1269,108.72,1,2,0.33
1270,108.75,3,5,0.38
1271,108.8,23,33,0.41
1272,108.9,35,44,0.44
1273,108.95,4,1,0.8
1274,109.0,119,431,0.22
1275,109.03,2,1,0.67
1276,109.2,3,7,0.3
1277,109.23,2,3,0.4
1278,109.25,2,11,0.15
1279,109.3,1,6,0.14
1280,109.33,5,4,0.56
1281,109.35,5,3,0.62
1282,109.38,1,4,0.2
1283,109.4,1,3,0.25
1284,109.44,2,2,0.5
1285,109.45,1,1,0.5
1286,109.49,1,2,0.33
1287,109.5,1,13,0.07
1288,109.58,1,2,0.33
1289,109.65,32,39,0.45
1290,109.66,1,1,0.5
1291,109.67,2,2,0.5
1292,109.71,2,1,0.67
1293,109.75,1,4,0.2
1294,109.8,149,88,0.63
1295,110.0,907,528,0.63
1296,110.08,2,7,0.22
1297,110.11,1,4,0.2
1298,110.15,1,4,0.2
1299,110.16,1,3,0.25
1300,110.2,2,5,0.29
1301,110.25,4,2,0.67
1302,110.33,2,3,0.4
1303,110.4,3,19,0.14
1304,110.43,2,2,0.5
1305,110.5,9,33,0.21
1306,110.6,1,2,0.33
1307,110.68,1,1,0.5
1308,110.7,35,57,0.38
1309,110.71,1,5,0.17
1310,110.75,8,11,0.42
1311,110.77,3,1,0.75
1312,110.78,2,1,0.67
1313,110.8,5,13,0.28
1314,110.84,1,2,0.33
1315,110.88,1,5,0.17
1316,110.97,2,1,0.67
1317,111.0,56,107,0.34
1318,111.15,2,5,0.29
1319,111.2,2,13,0.13
1320,111.25,3,4,0.43
1321,111.3,1,11,0.08
1322,111.33,1,8,0.11
1323,111.35,9,15,0.38
1324,111.4,1,2,0.33
1325,111.42,1,1,0.5
1326,111.59,1,2,0.33
1327,111.6,28,63,0.31
1328,111.65,1,5,0.17
1329,111.69,1,1,0.5
1330,111.75,2,9,0.18
1331,111.78,4,9,0.31
1332,111.83,3,2,0.6
1333,111.9,2,1,0.67
1334,111.92,1,4,0.2
1335,112.0,41,170,0.19
1336,112.01,3,6,0.33
1337,112.03,1,3,0.25
1338,112.05,5,7,0.42
1339,112.2,39,60,0.39
1340,112.22,1,2,0.33
1341,112.25,1,3,0.25
1342,112.32,2,2,0.5
1343,112.33,6,6,0.5
1344,112.42,2,6,0.25
1345,112.5,77,126,0.38
1346,112.58,1,2,0.33
1347,112.59,5,5,0.5
1348,112.63,4,9,0.31
1349,112.67,34,237,0.13
1350,112.7,2,8,0.2
1351,112.8,10,15,0.4
1352,112.87,2,2,0.5
1353,112.95,1,2,0.33
1354,113.0,19,81,0.19
1355,113.05,7,19,0.27
1356,113.1,4,2,0.67
1357,113.3,1,2,0.33
1358,113.33,4,11,0.27
1359,113.39,2,1,0.67
1360,113.4,50,41,0.55
1361,113.41,1,1,0.5
1362,113.5,2,5,0.29
1363,113.55,3,2,0.6
1364,113.56,1,2,0.33
1365,113.57,1,3,0.25
1366,113.6,6,8,0.43
1367,113.62,2,2,0.5
1368,113.67,3,3,0.5
1369,113.7,2,7,0.22
1370,113.85,1,2,0.33
1371,113.9,4,6,0.4
1372,114.0,62,199,0.24
1373,114.04,2,2,0.5
1374,114.14,1,2,0.33
1375,114.25,2,1,0.67
1376,114.28,1,1,0.5
1377,114.29,2,3,0.4
1378,114.3,60,88,0.41
1379,114.33,3,6,0.33
1380,114.4,2,93,0.02
1381,114.5,1,22,0.04
1382,114.55,1,1,0.5
1383,114.67,2,3,0.4
1384,114.69,1,2,0.33
1385,114.73,2,5,0.29
1386,114.75,18,29,0.38
1387,114.8,1,9,0.1
1388,114.9,5,11,0.31
1389,115.0,290,734,0.28
1390,115.03,1,2,0.33
1391,115.2,44,50,0.47
1392,115.25,1,4,0.2
1393,115.32,2,2,0.5
1394,115.37,2,1,0.67
1395,115.5,15,21,0.42
1396,115.55,1,2,0.33
1397,115.56,1,1,0.5
1398,115.6,19,28,0.4
1399,115.63,3,2,0.6
1400,115.67,2,3,0.4
1401,115.68,1,6,0.14
1402,115.74,2,1,0.67
1403,115.75,3,1,0.75
1404,115.84,2,1,0.67
1405,116.0,38,82,0.32
1406,116.1,130,178,0.42
1407,116.11,2,1,0.67
1408,116.28,2,5,0.29
1409,116.33,4,17,0.19
1410,116.4,1,4,0.2
1411,116.43,2,1,0.67
1412,116.45,12,9,0.57
1413,116.5,10,25,0.29
1414,116.53,1,1,0.5
1415,116.55,1,3,0.25
1416,116.6,1,2,0.33
1417,116.62,2,2,0.5
1418,116.67,5,8,0.38
1419,116.7,2,4,0.33
1420,116.72,1,1,0.5
1421,116.73,1,2,0.33
1422,116.75,3,4,0.43
1423,116.79,1,1,0.5
1424,116.8,1,6,0.14
1425,116.85,1,4,0.2
1426,116.95,1,6,0.14
1427,117.0,212,352,0.38
1428,117.04,2,9,0.18
1429,117.12,2,1,0.67
1430,117.18,1,1,0.5
1431,117.2,1,8,0.11
1432,117.29,1,3,0.25
1433,117.3,16,25,0.39
1434,117.33,1,3,0.25
1435,117.41,1,1,0.5
1436,117.45,3,5,0.38
1437,117.5,4,4,0.5
1438,117.51,1,1,0.5
1439,117.6,5,10,0.33
1440,117.64,1,1,0.5
1441,117.67,4,8,0.33
1442,117.68,1,1,0.5
1443,117.71,1,2,0.33
1444,117.73,3,3,0.5
1445,117.74,1,1,0.5
1446,117.8,1,6,0.14
1447,117.81,6,6,0.5
1448,117.82,1,1,0.5
1449,117.9,41,55,0.43
1450,118.0,76,148,0.34
1451,118.06,3,1,0.75
1452,118.08,1,4,0.2
1453,118.13,1,5,0.17
1454,118.15,17,21,0.45
1455,118.2,5,8,0.38
1456,118.25,1,4,0.2
1457,118.29,4,2,0.67
1458,118.3,1,1,0.5
1459,118.33,1,5,0.17
1460,118.4,1,1,0.5
1461,118.5,5,32,0.14
1462,118.58,2,8,0.2
1463,118.62,2,1,0.67
1464,118.65,2,2,0.5
1465,118.67,2,5,0.29
1466,118.7,2,1,0.67
1467,118.71,1,1,0.5
1468,118.75,5,4,0.56
1469,118.8,94,109,0.46
1470,118.96,1,1,0.5
1471,119.0,97,230,0.3
1472,119.1,7,9,0.44
1473,119.16,2,2,0.5
1474,119.17,2,2,0.5
1475,119.2,2,7,0.22
1476,119.25,7,25,0.22
1477,119.28,2,1,0.67
1478,119.33,2,6,0.25
1479,119.4,1,8,0.11
1480,119.44,2,2,0.5
1481,119.5,4,9,0.31
1482,119.52,2,3,0.4
1483,119.57,1,2,0.33
1484,119.7,21,24,0.47
1485,119.71,2,1,0.67
1486,119.75,1,2,0.33
1487,119.83,1,2,0.33
1488,119.85,25,62,0.29
1489,119.97,1,2,0.33
1490,120.0,953,601,0.61
1491,120.02,1,1,0.5
1492,120.06,4,1,0.8
1493,120.27,1,1,0.5
1494,120.28,1,3,0.25
1495,120.3,2,1,0.67
1496,120.33,2,3,0.4
1497,120.34,1,1,0.5
1498,120.35,1,3,0.25
1499,120.36,1,1,0.5
1500,120.38,1,5,0.17
1501,120.4,1,2,0.33
1502,120.43,1,2,0.33
1503,120.5,2,8,0.2
1504,120.58,1,1,0.5
1505,120.6,58,61,0.49
1506,120.69,3,1,0.75
1507,120.7,14,19,0.42
1508,120.71,2,1,0.67
1509,120.82,1,1,0.5
1510,120.83,5,3,0.62
1511,120.9,2,5,0.29
1512,120.96,1,1,0.5
1513,121.0,63,85,0.43
1514,121.01,1,1,0.5
1515,121.05,5,1,0.83
1516,121.1,2,9,0.18
1517,121.14,1,1,0.5
1518,121.2,1,5,0.17
1519,121.21,1,1,0.5
1520,121.25,1,3,0.25
1521,121.33,8,20,0.29
1522,121.47,1,1,0.5
1523,121.5,95,139,0.41
1524,121.55,2,11,0.15
1525,121.6,5,11,0.31
1526,121.67,1,4,0.2
1527,121.7,1,2,0.33
1528,121.75,1,6,0.14
1529,121.8,5,6,0.45
1530,121.88,2,4,0.33
1531,122.0,27,70,0.28
1532,122.04,1,2,0.33
1533,122.1,2,3,0.4
1534,122.33,8,7,0.53
1535,122.4,50,205,0.2
1536,122.45,3,1,0.75
1537,122.5,5,12,0.29
1538,122.63,1,1,0.5
1539,122.67,1,7,0.12
1540,122.7,3,12,0.2
1541,122.76,1,2,0.33
1542,122.86,2,2,0.5
1543,123.0,51,131,0.28
1544,123.1,1,3,0.25
1545,123.11,1,2,0.33
1546,123.12,1,2,0.33
1547,123.2,2,17,0.11
1548,123.25,4,15,0.21
1549,123.3,62,75,0.45
1550,123.33,6,16,0.27
1551,123.38,1,1,0.5
1552,123.5,5,38,0.12
1553,123.6,2,4,0.33
1554,123.62,1,3,0.25
1555,123.75,15,10,0.6
1556,123.8,1,4,0.2
1557,123.84,2,2,0.5
1558,123.9,2,3,0.4
1559,123.98,3,5,0.38
1560,124.0,47,174,0.21
1561,124.1,9,14,0.39
1562,124.2,14,18,0.44
1563,124.25,6,5,0.55
1564,124.36,1,1,0.5
1565,124.4,3,1,0.75
1566,124.5,5,19,0.21
1567,124.53,2,1,0.67
1568,124.6,2,1,0.67
1569,124.65,3,3,0.5
1570,124.67,3,7,0.3
1571,124.7,1,3,0.25
1572,124.74,1,1,0.5
1573,124.8,7,7,0.5
1574,125.0,216,226,0.49
1575,125.1,81,161,0.33
1576,125.2,2,3,0.4
1577,125.25,1,7,0.12
1578,125.28,1,1,0.5
1579,125.33,3,6,0.33
1580,125.4,2,10,0.17
1581,125.46,1,3,0.25
1582,125.5,1,6,0.14
1583,125.52,1,1,0.5
1584,125.55,7,2,0.78
1585,125.6,1,3,0.25
1586,125.62,1,1,0.5
1587,125.67,4,3,0.57
1588,125.7,5,1,0.83
1589,125.71,2,1,0.67
1590,125.8,16,22,0.42
1591,125.9,2,2,0.5
1592,126.0,349,501,0.41
1593,126.01,1,1,0.5
1594,126.1,1,2,0.33
1595,126.13,1,1,0.5
1596,126.3,2,8,0.2
1597,126.33,5,9,0.36
1598,126.4,2,2,0.5
1599,126.48,2,1,0.67
1600,126.5,1,4,0.2
1601,126.6,2,7,0.22
1602,126.64,1,2,0.33
1603,126.65,3,3,0.5
1604,126.67,17,13,0.57
1605,126.71,1,1,0.5
1606,126.8,2,5,0.29
1607,126.9,88,131,0.4
1608,127.0,26,101,0.2
1609,127.1,2,4,0.33
1610,127.14,2,1,0.67
1611,127.15,1,6,0.14
1612,127.2,7,6,0.54
1613,127.22,1,1,0.5
1614,127.25,3,1,0.75
1615,127.33,2,12,0.14
1616,127.38,2,4,0.33
1617,127.47,2,1,0.67
1618,127.5,12,24,0.33
1619,127.58,4,1,0.8
1620,127.6,2,5,0.29
1621,127.62,2,2,0.5
1622,127.65,1,1,0.5
1623,127.67,5,7,0.42
1624,127.71,2,5,0.29
1625,127.75,2,2,0.5
1626,127.8,41,48,0.46
1627,127.83,1,3,0.25
1628,127.93,5,3,0.62
1629,127.94,1,1,0.5
1630,128.0,42,169,0.2
1631,128.1,3,4,0.43
1632,128.2,1,3,0.25
1633,128.25,1,11,0.08
1634,128.28,1,1,0.5
1635,128.4,4,10,0.29
1636,128.5,1,9,0.1
1637,128.57,1,4,0.2
1638,128.69,1,1,0.5
1639,128.7,23,47,0.33
1640,128.71,1,1,0.5
1641,128.78,1,2,0.33
1642,128.8,7,7,0.5
1643,128.92,1,1,0.5
1644,129.0,100,224,0.31
1645,129.1,1,1,0.5
1646,129.15,1,1,0.5
1647,129.2,8,20,0.29
1648,129.29,1,1,0.5
1649,129.3,1,2,0.33
1650,129.33,4,9,0.31
1651,129.48,1,1,0.5
1652,129.5,9,18,0.33
1653,129.58,1,2,0.33
1654,129.6,24,49,0.33
1655,129.67,1,3,0.25
1656,129.7,5,13,0.28
1657,129.73,2,1,0.67
1658,129.9,3,6,0.33
1659,129.96,1,4,0.2
1660,130.0,804,405,0.67
1661,130.05,24,35,0.41
1662,130.2,3,1,0.75
1663,130.22,1,2,0.33
1664,130.33,4,9,0.31
1665,130.4,2,2,0.5
1666,130.48,1,1,0.5
1667,130.5,161,204,0.44
1668,130.6,2,1,0.67
1669,130.67,8,13,0.38
1670,130.75,1,2,0.33
1671,130.78,2,2,0.5
1672,130.8,6,5,0.55
1673,130.9,15,20,0.43
1674,131.0,20,101,0.17
1675,131.1,1,4,0.2
1676,131.13,2,1,0.67
1677,131.14,2,1,0.67
1678,131.2,4,9,0.31
1679,131.25,1,2,0.33
1680,131.26,1,1,0.5
1681,131.4,46,42,0.52
1682,131.5,1,12,0.08
1683,131.52,1,1,0.5
1684,131.6,5,7,0.42
1685,131.63,1,1,0.5
1686,131.67,4,3,0.57
1687,131.7,2,10,0.17
1688,131.75,7,12,0.37
1689,132.0,19,78,0.2
1690,132.05,3,2,0.6
1691,132.18,2,6,0.25
1692,132.25,1,2,0.33
1693,132.3,64,38,0.63
1694,132.33,5,5,0.5
1695,132.44,1,5,0.17
1696,132.48,2,1,0.67
1697,132.5,7,18,0.28
1698,132.6,32,50,0.39
1699,132.67,1,5,0.17
1700,132.77,2,1,0.67
1701,132.8,1,3,0.25
1702,132.86,2,2,0.5
1703,132.88,3,1,0.75
1704,132.9,3,8,0.27
1705,133.0,32,102,0.24
1706,133.07,1,2,0.33
1707,133.1,1,3,0.25
1708,133.11,1,1,0.5
1709,133.17,1,2,0.33
1710,133.2,25,16,0.61
1711,133.29,1,2,0.33
1712,133.33,9,27,0.25
1713,133.45,2,4,0.33
1714,133.5,7,16,0.3
1715,133.6,3,4,0.43
1716,133.67,1,2,0.33
1717,133.74,3,3,0.5
1718,133.75,1,2,0.33
1719,133.8,2,6,0.25
1720,133.98,1,3,0.25
1721,134.0,58,134,0.3
1722,134.1,36,47,0.43
1723,134.17,1,1,0.5
1724,134.25,2,3,0.4
1725,134.3,22,20,0.52
1726,134.33,2,2,0.5
1727,134.36,1,1,0.5
1728,134.4,1,5,0.17
1729,134.46,1,1,0.5
1730,134.5,3,17,0.15
1731,134.55,1,2,0.33
1732,134.67,1,2,0.33
1733,134.73,2,7,0.22
1734,134.8,1,4,0.2
1735,134.83,1,2,0.33
1736,134.85,1,12,0.08
1737,134.86,1,2,0.33
1738,135.0,318,350,0.48
1739,135.13,1,1,0.5
1740,135.15,7,10,0.41
1741,135.2,2,6,0.25
1742,135.27,6,2,0.75
1743,135.3,1,3,0.25
1744,135.31,1,1,0.5
1745,135.33,12,10,0.55
1746,135.4,1,3,0.25
1747,135.45,1,4,0.2
1748,135.5,3,10,0.23
1749,135.6,2,6,0.25
1750,135.64,1,2,0.33
1751,135.9,73,99,0.42
1752,135.91,1,1,0.5
1753,136.0,50,137,0.27
1754,136.1,1,4,0.2
1755,136.14,1,1,0.5
1756,136.2,3,5,0.38
1757,136.29,1,2,0.33
1758,136.33,1,2,0.33
1759,136.35,1,2,0.33
1760,136.5,6,41,0.13
1761,136.67,5,8,0.38
1762,136.75,1,1,0.5
1763,136.8,23,32,0.42
1764,137.0,24,68,0.26
1765,137.14,4,2,0.67
1766,137.25,12,14,0.46
1767,137.34,1,1,0.5
1768,137.38,1,1,0.5
1769,137.4,3,2,0.6
1770,137.5,4,7,0.36
1771,137.52,2,5,0.29
1772,137.57,1,7,0.12
1773,137.6,1,2,0.33
1774,137.67,10,3,0.77
1775,137.7,55,120,0.31
1776,137.71,2,1,0.67
1777,137.75,1,8,0.11
1778,137.8,1,3,0.25
1779,137.85,1,1,0.5
1780,137.89,1,1,0.5
1781,138.0,24,107,0.18
1782,138.02,3,2,0.6
1783,138.13,1,2,0.33
1784,138.15,2,1,0.67
1785,138.25,1,3,0.25
1786,138.3,1,1,0.5
1787,138.33,4,10,0.29
1788,138.38,14,9,0.61
1789,138.5,2,21,0.09
1790,138.55,6,9,0.4
1791,138.6,47,33,0.59
1792,138.67,1,4,0.2
1793,138.71,1,1,0.5
1794,138.83,1,5,0.17
1795,138.9,2,3,0.4
1796,139.0,84,202,0.29
1797,139.05,3,4,0.43
1798,139.14,2,1,0.67
1799,139.2,2,13,0.13
1800,139.28,9,1,0.9
1801,139.33,1,6,0.14
1802,139.5,132,159,0.45
1803,139.51,1,3,0.25
1804,139.52,1,1,0.5
1805,139.6,3,2,0.6
1806,139.68,4,1,0.8
1807,139.8,1,4,0.2
1808,139.95,6,11,0.35
1809,140.0,457,386,0.54
1810,140.14,2,1,0.67
1811,140.25,2,3,0.4
1812,140.27,2,3,0.4
1813,140.33,1,5,0.17
1814,140.4,94,86,0.52
1815,140.7,4,12,0.25
1816,140.76,2,1,0.67
1817,140.8,1,12,0.08
1818,140.9,1,2,0.33
1819,140.94,2,2,0.5
1820,140.98,1,2,0.33
1821,141.0,41,106,0.28
1822,141.1,2,4,0.33
1823,141.14,3,1,0.75
1824,141.3,36,16,0.69
1825,141.33,2,5,0.29
1826,141.46,1,1,0.5
1827,141.5,4,10,0.29
1828,141.56,2,1,0.67
1829,141.6,1,7,0.12
1830,141.67,1,6,0.14
1831,141.68,1,3,0.25
1832,141.7,2,1,0.67
1833,141.75,2,4,0.33
1834,142.0,20,59,0.25
1835,142.1,2,3,0.4
1836,142.2,34,53,0.39
1837,142.3,1,2,0.33
1838,142.33,1,5,0.17
1839,142.36,1,1,0.5
1840,142.38,1,1,0.5
1841,142.43,1,1,0.5
1842,142.5,1,19,0.05
1843,142.67,4,5,0.44
1844,142.8,2,4,0.33
1845,142.88,1,3,0.25
1846,143.0,13,46,0.22
1847,143.1,57,42,0.58
1848,143.2,2,7,0.22
1849,143.28,4,3,0.57
1850,143.29,1,1,0.5
1851,143.33,4,5,0.44
1852,143.38,2,1,0.67
1853,143.4,3,3,0.5
1854,143.43,1,2,0.33
1855,143.5,4,13,0.24
1856,143.55,5,2,0.71
1857,143.57,2,1,0.67
1858,143.6,1,4,0.2
1859,143.7,4,6,0.4
1860,144.0,128,230,0.36
1861,144.14,2,2,0.5
1862,144.2,2,1,0.67
1863,144.23,1,1,0.5
1864,144.33,5,1,0.83
1865,144.45,1,3,0.25
1866,144.5,11,18,0.38
1867,144.57,1,1,0.5
1868,144.6,1,1,0.5
1869,144.63,1,1,0.5
1870,144.67,1,6,0.14
1871,144.8,5,6,0.45
1872,144.9,8,18,0.31
1873,145.0,49,157,0.24
1874,145.1,3,4,0.43
1875,145.2,4,7,0.36
1876,145.25,1,1,0.5
1877,145.35,3,2,0.6
1878,145.4,1,3,0.25
1879,145.5,6,9,0.4
1880,145.6,1,4,0.2
1881,145.67,2,9,0.18
1882,145.71,4,2,0.67
1883,145.8,16,15,0.52
1884,145.87,1,3,0.25
1885,145.88,2,1,0.67
1886,146.0,48,88,0.35
1887,146.1,1,8,0.11
1888,146.11,1,1,0.5
1889,146.2,6,9,0.4
1890,146.25,3,6,0.33
1891,146.33,2,6,0.25
1892,146.4,1,6,0.14
1893,146.5,1,12,0.08
1894,146.57,1,2,0.33
1895,146.6,3,5,0.38
1896,146.67,11,23,0.32
1897,146.7,22,50,0.31
1898,146.78,1,1,0.5
1899,146.8,1,3,0.25
1900,146.92,1,3,0.25
1901,146.93,2,1,0.67
1902,146.96,2,2,0.5
1903,147.0,40,71,0.36
1904,147.1,1,1,0.5
1905,147.15,1,1,0.5
1906,147.2,1,3,0.25
1907,147.25,3,9,0.25
1908,147.3,1,3,0.25
1909,147.5,3,6,0.33
1910,147.6,10,16,0.38
1911,147.67,2,7,0.22
1912,147.9,19,24,0.44
1913,148.0,15,62,0.19
1914,148.1,1,3,0.25
1915,148.13,1,2,0.33
1916,148.25,1,1,0.5
1917,148.28,2,2,0.5
1918,148.29,1,1,0.5
1919,148.3,1,1,0.5
1920,148.39,1,1,0.5
1921,148.5,51,79,0.39
1922,148.58,2,1,0.67
1923,148.6,1,1,0.5
1924,148.75,1,8,0.11
1925,148.8,2,5,0.29
1926,148.95,1,2,0.33
1927,149.0,50,159,0.24
1928,149.1,5,3,0.62
1929,149.18,1,2,0.33
1930,149.33,10,5,0.67
1931,149.4,80,100,0.44
1932,149.45,1,3,0.25
1933,149.5,4,10,0.29
1934,149.6,5,8,0.38
1935,149.7,3,3,0.5
1936,149.79,2,1,0.67
1937,150.0,119,260,0.31
1938,150.15,1,1,0.5
1939,150.17,1,1,0.5
1940,150.25,1,2,0.33
1941,150.3,50,33,0.6
1942,150.43,1,1,0.5
1943,150.45,14,24,0.37
1944,150.57,1,1,0.5
1945,150.6,1,6,0.14
1946,150.8,4,4,0.5
1947,150.83,1,2,0.33
1948,150.86,1,1,0.5
1949,150.9,1,1,0.5
1950,150.92,1,2,0.33
1951,151.0,35,68,0.34
1952,151.14,4,2,0.67
1953,151.2,27,55,0.33
1954,151.25,2,2,0.5
1955,151.3,2,6,0.25
1956,151.33,3,4,0.43
1957,151.43,4,2,0.67
1958,151.5,5,14,0.26
1959,151.58,1,1,0.5
1960,151.67,1,2,0.33
1961,151.8,3,1,0.75
1962,151.88,1,1,0.5
1963,152.0,30,85,0.26
1964,152.1,58,78,0.43
1965,152.15,1,5,0.17
1966,152.2,2,2,0.5
1967,152.33,4,3,0.57
1968,152.4,2,4,0.33
1969,152.5,7,4,0.64
1970,152.53,1,1,0.5
1971,152.55,2,1,0.67
1972,152.63,1,1,0.5
1973,152.67,8,6,0.57
1974,152.7,1,1,0.5
1975,152.71,1,1,0.5
1976,152.78,1,3,0.25
1977,153.0,77,175,0.31
1978,153.3,2,6,0.25
1979,153.33,4,11,0.27
1980,153.5,3,14,0.18
1981,153.57,2,1,0.67
1982,153.6,1,3,0.25
1983,153.67,1,9,0.1
1984,153.75,32,5,0.86
1985,153.9,6,8,0.43
1986,154.0,44,111,0.28
1987,154.29,2,1,0.67
1988,154.3,2,1,0.67
1989,154.33,3,2,0.6
1990,154.38,2,4,0.33
1991,154.4,2,1,0.67
1992,154.5,4,8,0.33
1993,154.67,3,1,0.75
1994,154.7,1,3,0.25
1995,154.71,1,1,0.5
1996,154.8,19,15,0.56
1997,154.93,1,4,0.2
1998,155.0,85,101,0.46
1999,155.1,1,2,0.33
2000,155.33,1,4,0.2
2001,155.5,2,7,0.22
2002,155.52,1,5,0.17
2003,155.57,1,3,0.25
2004,155.7,4,13,0.24
2005,155.72,1,1,0.5
2006,155.8,3,1,0.75
2007,155.83,1,1,0.5
2008,156.0,39,73,0.35
2009,156.06,1,1,0.5
2010,156.25,1,2,0.33
2011,156.45,1,1,0.5
2012,156.5,3,6,0.33
2013,156.6,38,41,0.48
2014,156.61,2,1,0.67
2015,156.67,4,11,0.27
2016,156.73,1,1,0.5
2017,156.95,4,3,0.57
2018,157.0,8,59,0.12
2019,157.08,1,2,0.33
2020,157.14,2,1,0.67
2021,157.2,1,5,0.17
2022,157.25,7,12,0.37
2023,157.33,1,2,0.33
2024,157.45,1,1,0.5
2025,157.5,34,52,0.4
2026,157.6,1,1,0.5
2027,157.67,2,5,0.29
2028,157.7,1,1,0.5
2029,157.95,1,1,0.5
2030,158.0,34,56,0.38
2031,158.2,1,2,0.33
2032,158.33,2,6,0.25
2033,158.4,10,32,0.24
2034,158.5,4,6,0.4
2035,158.67,1,4,0.2
2036,158.85,1,5,0.17
2037,158.95,12,13,0.48
2038,159.0,43,112,0.28
2039,159.2,1,6,0.14
2040,159.3,68,62,0.52
2041,159.33,5,8,0.38
2042,159.38,1,3,0.25
2043,159.5,2,17,0.11
2044,159.6,3,6,0.33
2045,159.7,1,1,0.5
2046,159.75,3,7,0.3
2047,159.9,3,4,0.43
2048,160.0,383,343,0.53
2049,160.08,1,2,0.33
2050,160.2,9,17,0.35
2051,160.43,1,2,0.33
2052,160.5,3,7,0.3
2053,160.53,1,1,0.5
2054,160.71,1,2,0.33
2055,160.78,1,1,0.5
2056,160.89,1,1,0.5
2057,161.0,15,61,0.2
2058,161.1,6,28,0.18
2059,161.25,2,1,0.67
2060,161.29,2,2,0.5
2061,161.33,3,10,0.23
2062,161.4,1,3,0.25
2063,161.5,6,12,0.33
2064,161.6,1,4,0.2
2065,161.67,3,9,0.25
2066,161.78,1,1,0.5
2067,161.86,1,1,0.5
2068,162.0,85,142,0.37
2069,162.29,1,2,0.33
2070,162.3,5,4,0.56
2071,162.33,2,5,0.29
2072,162.35,3,1,0.75
2073,162.4,2,2,0.5
2074,162.45,2,3,0.4
2075,162.5,3,6,0.33
2076,162.67,4,5,0.44
2077,162.9,4,3,0.57
2078,162.94,1,1,0.5
2079,163.0,12,30,0.29
2080,163.2,3,7,0.3
2081,163.33,10,14,0.42
2082,163.43,1,1,0.5
2083,163.5,1,9,0.1
2084,163.63,1,3,0.25
2085,163.67,3,2,0.6
2086,163.71,1,1,0.5
2087,163.75,1,2,0.33
2088,163.8,9,23,0.28
2089,164.0,34,94,0.27
2090,164.03,1,1,0.5
2091,164.05,2,1,0.67
2092,164.15,1,1,0.5
2093,164.25,8,5,0.62
2094,164.33,2,1,0.67
2095,164.4,1,4,0.2
2096,164.44,2,1,0.67
2097,164.57,3,1,0.75
2098,164.63,1,1,0.5
2099,164.67,1,3,0.25
2100,164.7,15,8,0.65
2101,164.8,3,3,0.5
2102,164.9,3,3,0.5
2103,165.0,29,89,0.25
2104,165.06,1,1,0.5
2105,165.1,1,2,0.33
2106,165.15,1,2,0.33
2107,165.33,3,2,0.6
2108,165.38,3,1,0.75
2109,165.4,1,1,0.5
2110,165.6,8,13,0.38
2111,165.67,2,2,0.5
2112,165.75,6,6,0.5
2113,165.9,1,3,0.25
2114,166.0,33,75,0.31
2115,166.05,1,4,0.2
2116,166.14,1,2,0.33
2117,166.25,2,10,0.17
2118,166.33,1,2,0.33
2119,166.5,47,53,0.47
2120,166.67,3,8,0.27
2121,166.7,1,1,0.5
2122,166.85,1,1,0.5
2123,167.0,24,44,0.35
2124,167.1,1,2,0.33
2125,167.2,4,7,0.36
2126,167.4,6,4,0.6
2127,167.45,8,5,0.62
2128,167.5,1,6,0.14
2129,167.7,4,1,0.8
2130,167.76,1,2,0.33
2131,167.85,3,2,0.6
2132,167.95,1,4,0.2
2133,168.0,24,34,0.41
2134,168.08,1,1,0.5
2135,168.3,62,85,0.42
2136,168.38,1,1,0.5
2137,168.55,1,2,0.33
2138,168.57,1,1,0.5
2139,168.63,4,4,0.5
2140,169.0,44,108,0.29
2141,169.15,1,1,0.5
2142,169.2,6,12,0.33
2143,169.33,1,4,0.2
2144,169.5,1,12,0.08
2145,169.58,1,1,0.5
2146,169.6,1,3,0.25
2147,169.65,1,2,0.33
2148,169.88,1,1,0.5
2149,169.91,1,1,0.5
2150,170.0,415,304,0.58
2151,170.1,3,11,0.21
2152,170.33,1,6,0.14
2153,170.36,3,2,0.6
2154,170.5,1,8,0.11
2155,170.6,1,2,0.33
2156,170.63,2,2,0.5
2157,170.7,1,1,0.5
2158,171.0,64,108,0.37
2159,171.14,1,1,0.5
2160,171.25,1,1,0.5
2161,171.3,1,2,0.33
2162,171.33,2,3,0.4
2163,171.5,1,5,0.17
2164,171.6,1,2,0.33
2165,171.71,2,2,0.5
2166,171.9,4,17,0.19
2167,172.0,24,80,0.23
2168,172.15,2,1,0.67
2169,172.2,1,2,0.33
2170,172.23,1,1,0.5
2171,172.5,3,6,0.33
2172,172.67,2,3,0.4
2173,172.71,1,1,0.5
2174,172.8,17,10,0.63
2175,173.0,19,37,0.34
2176,173.1,1,1,0.5
2177,173.25,12,8,0.6
2178,173.33,2,1,0.67
2179,173.5,3,5,0.38
2180,173.67,1,6,0.14
2181,173.7,2,11,0.15
2182,173.79,1,1,0.5
2183,174.0,35,72,0.33
2184,174.25,1,5,0.17
2185,174.3,1,2,0.33
2186,174.33,1,2,0.33
2187,174.5,1,4,0.2
2188,174.6,10,7,0.59
2189,174.71,1,1,0.5
2190,174.86,1,1,0.5
2191,175.0,28,75,0.27
2192,175.05,1,2,0.33
2193,175.17,1,1,0.5
2194,175.2,1,3,0.25
2195,175.33,1,1,0.5
2196,175.4,1,1,0.5
2197,175.5,57,62,0.48
2198,175.65,1,1,0.5
2199,175.71,4,1,0.8
2200,176.0,18,45,0.29
2201,176.1,1,2,0.33
2202,176.25,1,3,0.25
2203,176.33,1,3,0.25
2204,176.4,5,3,0.62
2205,176.43,2,1,0.67
2206,176.67,1,7,0.12
2207,176.7,1,1,0.5
2208,176.8,2,4,0.33
2209,176.86,1,1,0.5
2210,177.0,11,49,0.18
2211,177.14,1,1,0.5
2212,177.3,28,34,0.45
2213,177.33,2,3,0.4
2214,177.41,1,1,0.5
2215,177.5,7,9,0.44
2216,177.57,1,1,0.5
2217,177.62,1,2,0.33
2218,177.75,6,6,0.5
2219,178.0,15,34,0.31
2220,178.2,6,9,0.4
2221,178.29,1,1,0.5
2222,178.33,3,3,0.5
2223,178.46,1,1,0.5
2224,178.5,3,15,0.17
2225,178.56,2,1,0.67
2226,178.67,3,3,0.5
2227,178.75,2,2,0.5
2228,179.0,35,75,0.32
2229,179.1,17,33,0.34
2230,179.2,1,1,0.5
2231,179.5,1,5,0.17
2232,179.86,1,1,0.5
2233,180.0,114,164,0.41
2234,180.2,2,1,0.67
2235,180.25,1,2,0.33
2236,180.3,1,2,0.33
2237,180.33,1,2,0.33
2238,180.5,3,4,0.43
2239,180.63,1,4,0.2
2240,180.67,2,3,0.4
2241,180.9,3,5,0.38
2242,181.0,10,34,0.23
2243,181.2,3,1,0.75
2244,181.43,1,1,0.5
2245,181.5,3,5,0.38
2246,181.79,1,2,0.33
2247,181.8,7,5,0.58
2248,182.0,15,24,0.38
2249,182.2,1,2,0.33
2250,182.25,2,3,0.4
2251,182.33,3,4,0.43
2252,182.5,1,4,0.2
2253,182.7,1,1,0.5
2254,182.75,1,4,0.2
2255,182.86,2,4,0.33
2256,183.0,13,37,0.26
2257,183.2,1,2,0.33
2258,183.33,5,5,0.5
2259,183.43,1,1,0.5
2260,183.5,1,9,0.1
2261,183.6,7,6,0.54
2262,183.67,1,5,0.17
2263,183.75,5,5,0.5
2264,184.0,19,49,0.28
2265,184.45,5,3,0.62
2266,184.5,10,21,0.32
2267,184.8,3,1,0.75
2268,185.0,21,99,0.18
2269,185.1,1,1,0.5
2270,185.25,2,2,0.5
2271,185.33,2,2,0.5
2272,185.4,7,6,0.54
2273,185.57,1,1,0.5
2274,185.67,1,2,0.33
2275,185.71,1,1,0.5
2276,185.75,3,1,0.75
2277,185.85,1,2,0.33
2278,186.0,16,30,0.35
2279,186.2,1,1,0.5
2280,186.25,2,2,0.5
2281,186.3,9,16,0.36
2282,186.67,1,7,0.12
2283,187.0,19,41,0.32
2284,187.11,1,2,0.33
2285,187.2,5,6,0.45
2286,187.33,1,3,0.25
2287,187.4,1,1,0.5
2288,187.5,4,14,0.22
2289,187.85,8,9,0.47
2290,188.0,8,33,0.2
2291,188.1,1,8,0.11
2292,188.14,1,1,0.5
2293,188.33,1,2,0.33
2294,188.42,2,1,0.67
2295,188.5,3,4,0.43
2296,188.6,2,1,0.67
2297,188.65,1,1,0.5
2298,188.71,1,1,0.5
2299,188.75,1,1,0.5
2300,189.0,88,107,0.45
2301,189.2,1,1,0.5
2302,189.25,1,1,0.5
2303,189.33,1,5,0.17
2304,189.42,2,4,0.33
2305,189.5,2,7,0.22
2306,189.6,2,1,0.67
2307,189.67,1,1,0.5
2308,189.86,1,1,0.5
2309,189.9,5,7,0.42
2310,190.0,107,119,0.47
2311,190.2,1,1,0.5
2312,190.23,1,1,0.5
2313,190.58,1,1,0.5
2314,190.67,2,1,0.67
2315,190.8,13,14,0.48
2316,190.88,2,1,0.67
2317,191.0,18,46,0.28
2318,191.25,1,1,0.5
2319,191.43,1,1,0.5
2320,191.5,2,1,0.67
2321,191.57,2,1,0.67
2322,191.67,1,1,0.5
2323,191.7,1,1,0.5
2324,192.0,28,38,0.42
2325,192.3,1,1,0.5
2326,192.5,2,6,0.25
2327,192.6,3,3,0.5
2328,192.8,1,2,0.33
2329,193.0,16,24,0.4
2330,193.1,1,2,0.33
2331,193.33,4,3,0.57
2332,193.5,13,13,0.5
2333,193.6,1,1,0.5
2334,193.67,2,2,0.5
2335,194.0,31,56,0.36
2336,194.14,1,1,0.5
2337,194.29,1,2,0.33
2338,194.4,1,2,0.33
2339,194.5,2,3,0.4
2340,194.67,1,1,0.5
2341,194.73,1,1,0.5
2342,194.8,1,3,0.25
2343,194.85,2,2,0.5
2344,195.0,63,75,0.46
2345,195.25,1,1,0.5
2346,195.3,1,4,0.2
2347,195.33,3,7,0.3
2348,195.43,1,1,0.5
2349,195.5,2,3,0.4
2350,195.6,1,2,0.33
2351,195.98,1,1,0.5
2352,196.0,13,40,0.25
2353,196.2,6,3,0.67
2354,196.25,2,1,0.67
2355,196.35,1,2,0.33
2356,196.5,1,6,0.14
2357,196.67,3,3,0.5
2358,196.7,1,1,0.5
2359,196.71,1,1,0.5
2360,197.0,4,21,0.16
2361,197.1,11,2,0.85
2362,197.14,1,1,0.5
2363,197.5,1,5,0.17
2364,197.67,1,3,0.25
2365,197.7,3,1,0.75
2366,198.0,75,62,0.55
2367,198.3,1,2,0.33
2368,198.33,2,4,0.33
2369,198.44,1,1,0.5
2370,198.9,25,22,0.53
2371,199.0,35,45,0.44
2372,199.2,2,2,0.5
2373,199.33,1,2,0.33
2374,199.4,1,3,0.25
2375,199.5,1,6,0.14
2376,199.8,1,3,0.25
2377,200.0,70,85,0.45
2378,200.1,1,3,0.25
2379,200.29,1,1,0.5
2380,200.67,2,1,0.67
2381,200.7,3,5,0.38
2382,200.71,1,1,0.5
2383,200.75,2,1,0.67
2384,201.0,8,43,0.16
2385,201.25,1,4,0.2
2386,201.33,1,2,0.33
2387,201.4,1,1,0.5
2388,201.43,2,2,0.5
2389,201.5,3,2,0.6
2390,201.6,10,4,0.71
2391,201.8,1,1,0.5
2392,202.0,13,27,0.32
2393,202.28,1,1,0.5
2394,202.33,2,3,0.4
2395,202.5,13,16,0.45
2396,202.51,2,1,0.67
2397,202.67,2,2,0.5
2398,202.88,1,1,0.5
2399,203.0,6,16,0.27
2400,203.11,1,1,0.5
2401,203.33,1,4,0.2
2402,203.5,1,4,0.2
2403,203.6,1,2,0.33
2404,203.67,1,3,0.25
2405,203.71,1,1,0.5
2406,203.75,1,1,0.5
2407,204.0,16,38,0.3
2408,204.5,3,3,0.5
2409,204.62,1,1,0.5
2410,204.75,4,1,0.8
2411,205.0,31,33,0.48
2412,205.2,3,8,0.27
2413,205.33,1,2,0.33
2414,205.6,1,1,0.5
2415,205.67,2,2,0.5
2416,206.0,14,30,0.32
2417,206.1,3,4,0.43
2418,206.33,2,1,0.67
2419,206.5,2,1,0.67
2420,206.67,1,1,0.5
2421,207.0,23,24,0.49
2422,207.25,1,1,0.5
2423,207.33,1,4,0.2
2424,207.5,2,5,0.29
2425,207.9,18,21,0.46
2426,208.0,6,23,0.21
2427,208.8,1,2,0.33
2428,209.0,39,51,0.43
2429,209.1,1,6,0.14
2430,209.2,1,1,0.5
2431,209.4,1,3,0.25
2432,209.5,2,3,0.4
2433,209.7,2,2,0.5
2434,209.71,3,1,0.75
2435,210.0,49,74,0.4
2436,210.43,1,1,0.5
2437,210.6,5,4,0.56
2438,210.67,1,1,0.5
2439,210.86,2,1,0.67
2440,211.0,22,43,0.34
2441,211.5,3,8,0.27
2442,212.0,31,20,0.61
2443,212.1,1,1,0.5
2444,212.4,3,1,0.75
2445,212.5,3,3,0.5
2446,212.67,2,1,0.67
2447,212.8,3,3,0.5
2448,212.86,1,1,0.5
2449,213.0,9,13,0.41
2450,213.3,2,2,0.5
2451,213.33,3,3,0.5
2452,213.6,1,3,0.25
2453,213.75,2,5,0.29
2454,214.0,22,26,0.46
2455,214.2,2,2,0.5
2456,214.67,2,1,0.67
2457,214.75,1,1,0.5
2458,214.76,2,1,0.67
2459,214.84,1,1,0.5
2460,215.0,16,27,0.37
2461,215.27,1,1,0.5
2462,215.33,5,1,0.83
2463,215.55,1,1,0.5
2464,215.67,1,1,0.5
2465,216.0,17,40,0.3
2466,216.33,2,1,0.67
2467,216.5,2,4,0.33
2468,216.67,3,1,0.75
2469,216.9,1,6,0.14
2470,216.93,1,1,0.5
2471,217.0,1,8,0.11
2472,217.33,1,2,0.33
2473,217.5,4,2,0.67
2474,217.6,3,4,0.43
2475,217.67,1,4,0.2
2476,218.0,9,10,0.47
2477,218.03,1,1,0.5
2478,219.0,27,37,0.42
2479,219.33,2,2,0.5
2480,219.43,1,1,0.5
2481,219.5,2,1,0.67
2482,219.6,4,3,0.57
2483,220.0,36,45,0.44
2484,220.4,1,4,0.2
2485,220.5,3,2,0.6
2486,221.0,23,38,0.38
2487,221.6,1,1,0.5
2488,222.0,20,17,0.54
2489,222.3,1,2,0.33
2490,222.33,1,1,0.5
2491,222.5,2,2,0.5
2492,223.0,7,16,0.3
2493,223.33,1,2,0.33
2494,223.57,1,1,0.5
2495,223.6,1,1,0.5
2496,223.75,1,2,0.33
2497,224.0,21,36,0.37
2498,224.1,2,5,0.29
2499,224.16,1,1,0.5
2500,224.33,2,1,0.67
2501,224.5,1,4,0.2
2502,225.0,48,42,0.53
2503,225.2,2,2,0.5
2504,225.48,1,2,0.33
2505,225.5,2,3,0.4
2506,225.6,2,1,0.67
2507,225.67,3,1,0.75
2508,226.0,7,8,0.47
2509,226.33,1,1,0.5
2510,226.95,1,3,0.25
2511,227.0,4,10,0.29
2512,227.1,2,3,0.4
2513,228.0,10,15,0.4
2514,228.6,2,5,0.29
2515,229.0,20,21,0.49
2516,229.33,1,2,0.33
2517,229.5,2,3,0.4
2518,229.6,1,3,0.25
2519,230.0,105,87,0.55
2520,230.84,1,1,0.5
2521,231.0,23,36,0.39
2522,231.5,3,3,0.5
2523,231.6,4,3,0.57
2524,232.0,11,16,0.41
2525,232.33,1,2,0.33
2526,232.5,2,3,0.4
2527,233.0,6,14,0.3
2528,233.1,4,3,0.57
2529,233.33,2,4,0.33
2530,234.0,12,24,0.33
2531,234.5,1,1,0.5
2532,234.6,1,1,0.5
2533,234.67,1,1,0.5
2534,235.0,14,27,0.34
2535,235.67,1,1,0.5
2536,235.71,1,1,0.5
2537,236.0,4,16,0.2
2538,236.14,1,1,0.5
2539,236.5,1,1,0.5
2540,236.67,3,3,0.5
2541,237.0,10,7,0.59
2542,237.33,1,6,0.14
2543,237.6,1,3,0.25
2544,238.0,6,7,0.46
2545,239.0,14,28,0.33
2546,239.1,1,2,0.33
2547,239.3,1,2,0.33
2548,240.0,36,32,0.53
2549,240.3,2,4,0.33
2550,240.6,1,1,0.5
2551,241.0,17,26,0.4
2552,241.48,1,1,0.5
2553,241.6,1,1,0.5
2554,241.75,1,1,0.5
2555,242.0,7,11,0.39
2556,242.5,1,2,0.33
2557,242.67,1,1,0.5
2558,243.0,3,12,0.2
2559,243.33,1,1,0.5
2560,243.9,1,2,0.33
2561,244.0,15,31,0.33
2562,245.0,9,19,0.32
2563,245.5,1,1,0.5
2564,246.0,6,14,0.3
2565,246.5,1,1,0.5
2566,246.67,2,1,0.67
2567,247.0,4,10,0.29
2568,247.33,1,1,0.5
2569,248.0,10,8,0.56
2570,248.33,1,2,0.33
2571,249.0,10,18,0.36
2572,249.5,3,1,0.75
2573,250.0,49,36,0.58
2574,251.0,4,15,0.21
2575,251.43,2,1,0.67
2576,251.7,1,1,0.5
2577,252.0,23,12,0.66
2578,253.0,1,13,0.07
2579,253.25,1,1,0.5
2580,253.33,1,1,0.5
2581,253.8,1,1,0.5
2582,254.0,8,9,0.47
2583,254.31,1,1,0.5
2584,255.0,8,9,0.47
2585,256.0,4,8,0.33
2586,256.5,3,5,0.38
2587,257.0,6,5,0.55
2588,257.6,2,1,0.67
2589,258.0,6,14,0.3
2590,259.0,20,20,0.5
2591,259.33,1,1,0.5
2592,260.0,18,24,0.43
2593,260.5,1,2,0.33
2594,261.0,3,12,0.2
2595,262.0,16,13,0.55
2596,262.5,1,3,0.25
2597,263.0,2,5,0.29
2598,263.33,1,1,0.5
2599,264.0,5,11,0.31
2600,265.0,9,11,0.45
2601,266.0,2,6,0.25
2602,266.43,1,1,0.5
2603,267.0,3,4,0.43
2604,267.86,1,1,0.5
2605,268.0,2,7,0.22
2606,269.0,7,13,0.35
2607,269.5,1,1,0.5
2608,270.0,18,23,0.44
2609,271.0,3,19,0.14
2610,272.0,2,2,0.5
2611,272.5,1,1,0.5
2612,273.0,4,4,0.5
2613,274.0,4,9,0.31
2614,274.67,1,1,0.5
2615,275.0,6,8,0.43
2616,276.6,1,2,0.33
2617,277.0,4,4,0.5
2618,277.5,2,1,0.67
2619,277.67,2,1,0.67
2620,278.0,2,3,0.4
2621,279.0,3,9,0.25
2622,280.0,4,3,0.57
2623,281.0,2,7,0.22
2624,282.0,3,4,0.43
2625,282.5,1,2,0.33
2626,283.0,1,6,0.14
2627,284.0,1,7,0.12
2628,284.86,1,1,0.5
2629,285.0,1,7,0.12
2630,286.0,1,5,0.17
2631,287.0,4,2,0.67
2632,287.5,1,1,0.5
2633,288.0,4,3,0.57
2634,289.0,3,5,0.38
2635,290.0,7,3,0.7
2636,290.67,2,1,0.67
2637,291.0,1,2,0.33
2638,292.0,9,2,0.82
2639,293.0,1,2,0.33
2640,294.0,1,4,0.2
2641,295.0,3,13,0.19
2642,297.0,5,3,0.62
2643,298.0,3,2,0.6
2644,299.0,5,5,0.5
2645,299.33,1,1,0.5
2646,300.0,2,12,0.14
2647,303.0,2,1,0.67
2648,304.0,1,1,0.5
2649,305.0,3,20,0.13
2650,306.0,2,5,0.29
2651,307.0,2,2,0.5
2652,308.0,2,1,0.67
2653,309.0,1,1,0.5
2654,310.0,4,5,0.44
2655,311.0,2,3,0.4
2656,315.0,7,3,0.7
2657,317.0,2,2,0.5
2658,318.0,2,2,0.5
2659,319.0,1,3,0.25
2660,322.0,2,4,0.33
2661,328.0,2,1,0.67
2662,329.0,1,3,0.25
2663,330.0,2,1,0.67
2664,338.0,2,1,0.67
2665,340.0,4,6,0.4
2666,341.0,1,1,0.5
2667,343.0,1,1,0.5
2668,378.0,5,1,0.83
2669,382.0,1,1,0.5
2670,388.0,1,1,0.5
2671,392.0,1,1,0.5
