,0-9,10-19,20-29,30-39,40-44,45-49,50-54,55-59,60-64,65-69,70-74,75-79,80-84,85-89,90+,date
1,37,14,28,64,73,153,212,268,366,499,614,993,1465,1559,1569,2012-12-31
2,29,12,25,69,75,147,224,296,353,476,566,1102,1531,1738,1779,2013-01-07
3,35,14,35,82,89,141,212,268,380,498,586,1136,1528,1758,1800,2013-01-14
4,31,13,28,74,60,135,216,248,344,491,541,1066,1603,1763,1715,2013-01-21
5,35,10,25,69,73,131,198,294,387,494,572,1037,1619,1755,1660,2013-01-28
6,39,11,30,75,82,130,226,269,352,484,631,1033,1501,1750,1707,2013-02-04
7,35,8,32,84,86,133,209,271,383,458,584,1090,1633,1807,1796,2013-02-11
8,37,6,23,73,73,121,211,281,351,515,567,1068,1596,1813,1773,2013-02-18
9,36,11,31,78,93,149,210,306,326,471,602,1067,1550,1787,1755,2013-02-25
10,21,8,23,71,70,147,187,291,370,483,576,1103,1584,1891,1914,2013-03-04
11,23,9,28,69,67,142,201,288,357,469,543,983,1511,1575,1682,2013-03-11
12,33,9,15,80,73,163,203,278,361,494,549,964,1521,1752,1636,2013-03-18
13,39,8,23,83,84,140,218,246,343,446,549,923,1368,1602,1631,2013-03-25
14,34,9,35,69,68,119,183,277,386,431,518,1007,1379,1510,1536,2013-04-01
15,37,10,26,70,79,117,191,260,359,426,586,916,1377,1513,1584,2013-04-08
16,24,16,32,72,72,121,196,212,340,454,511,893,1369,1497,1444,2013-04-15
17,33,9,26,73,65,139,202,258,320,462,505,837,1314,1445,1332,2013-04-22
18,31,11,27,70,75,123,170,222,332,423,546,901,1299,1452,1372,2013-04-29
19,39,8,24,78,62,114,162,242,353,379,527,879,1313,1522,1464,2013-05-06
20,31,13,27,61,78,117,187,255,350,449,502,899,1228,1433,1402,2013-05-13
21,26,9,24,74,76,148,175,260,335,445,477,860,1307,1335,1389,2013-05-20
22,22,8,26,64,99,113,201,252,341,405,510,905,1273,1372,1397,2013-05-27
23,36,16,24,69,79,100,187,265,327,394,525,913,1367,1450,1421,2013-06-03
24,35,14,29,89,69,124,195,230,324,425,527,868,1375,1479,1531,2013-06-10
25,28,9,37,62,70,128,172,217,314,395,480,843,1233,1368,1314,2013-06-17
26,27,13,26,58,72,111,197,261,308,463,469,845,1282,1395,1389,2013-06-24
27,34,18,15,88,88,116,199,234,302,437,537,864,1337,1509,1523,2013-07-01
28,38,13,37,77,82,121,192,231,337,435,556,956,1525,1608,1599,2013-07-08
29,38,10,25,77,63,132,186,228,306,390,494,846,1287,1449,1532,2013-07-15
30,38,13,30,88,79,137,187,233,305,421,512,812,1277,1369,1403,2013-07-22
31,35,5,20,57,70,127,191,257,302,422,509,842,1217,1374,1367,2013-07-29
32,24,14,25,86,73,119,211,233,275,413,500,834,1232,1339,1356,2013-08-05
33,30,13,35,61,75,110,202,243,326,416,491,805,1224,1322,1418,2013-08-12
34,34,8,18,63,62,120,198,232,318,438,494,827,1202,1425,1318,2013-08-19
35,27,13,23,59,74,133,177,212,263,436,464,842,1194,1270,1290,2013-08-26
36,22,11,25,67,69,104,196,252,290,435,465,804,1169,1284,1225,2013-09-02
37,25,11,23,80,68,136,172,243,293,425,494,771,1181,1247,1207,2013-09-09
38,34,12,29,78,69,110,174,219,332,387,509,790,1219,1285,1218,2013-09-16
39,35,10,21,84,73,131,199,239,299,479,519,828,1293,1343,1354,2013-09-23
40,28,9,38,70,77,121,175,244,325,460,536,815,1259,1402,1380,2013-09-30
41,29,9,21,61,62,126,181,247,274,427,525,789,1139,1350,1280,2013-10-07
42,38,11,24,61,75,124,173,238,320,445,551,849,1275,1403,1373,2013-10-14
43,22,12,37,74,66,138,196,253,314,433,530,808,1364,1404,1366,2013-10-21
44,43,10,30,61,69,135,183,221,322,432,511,845,1225,1427,1369,2013-10-28
45,28,9,33,63,58,132,219,240,317,449,561,843,1384,1513,1517,2013-11-04
46,28,9,26,70,52,128,193,267,317,441,469,901,1390,1448,1507,2013-11-11
47,28,6,19,46,79,137,192,242,340,468,574,858,1424,1471,1590,2013-11-18
48,27,7,25,58,78,148,204,267,384,472,549,985,1458,1706,1698,2013-11-25
49,25,4,30,71,62,137,191,267,318,503,601,989,1559,1688,1738,2013-12-02
50,30,16,18,61,92,138,187,265,365,461,616,912,1552,1675,1754,2013-12-09
51,30,13,32,67,63,143,226,314,357,467,627,1016,1551,1741,1812,2013-12-16
52,29,7,32,58,76,151,207,258,343,511,586,1008,1642,1794,1870,2013-12-23
53,34,8,20,74,80,137,200,268,391,529,608,1048,1733,1949,1970,2013-12-30
54,35,6,33,56,69,145,232,309,397,526,642,1022,1689,1949,1899,2014-01-06
55,36,11,31,83,90,139,238,311,365,478,644,1037,1732,2003,1928,2014-01-13
56,38,13,27,71,80,174,216,297,401,534,646,994,1680,1956,1934,2014-01-20
57,34,13,31,70,95,131,204,293,376,534,676,1013,1642,1812,1943,2014-01-27
58,34,11,29,73,84,146,213,301,372,499,667,1028,1687,1924,1928,2014-02-03
59,38,14,23,83,109,141,214,293,367,523,602,1037,1683,1809,1893,2014-02-10
60,27,10,27,66,67,119,194,287,322,517,593,1015,1585,1688,1879,2014-02-17
61,30,14,22,67,77,131,198,262,352,494,598,981,1545,1713,1768,2014-02-24
62,27,10,18,74,90,136,210,273,356,423,591,938,1532,1691,1738,2014-03-03
63,22,12,31,60,51,134,179,249,323,460,578,909,1465,1637,1703,2014-03-10
64,27,11,35,77,73,129,178,278,342,498,565,926,1485,1683,1727,2014-03-17
65,38,15,26,57,77,145,174,262,353,463,583,852,1420,1621,1642,2014-03-24
66,30,12,26,63,82,131,181,255,353,483,556,907,1425,1542,1697,2014-03-31
67,30,12,31,72,84,118,177,243,315,430,580,880,1406,1588,1669,2014-04-07
68,25,10,28,65,52,130,184,242,293,452,524,882,1358,1480,1533,2014-04-14
69,29,11,22,58,74,123,193,237,321,411,515,766,1360,1429,1450,2014-04-21
70,34,4,33,48,74,130,174,283,320,432,537,832,1317,1513,1576,2014-04-28
71,21,9,22,60,96,111,170,205,325,471,539,855,1419,1470,1571,2014-05-05
72,25,12,24,60,64,127,197,254,295,417,527,817,1357,1457,1416,2014-05-12
73,29,9,23,66,74,119,162,225,319,412,537,809,1260,1410,1450,2014-05-19
74,28,4,24,64,59,118,177,254,334,445,544,806,1219,1358,1398,2014-05-26
75,38,11,17,63,77,124,207,255,296,434,556,829,1266,1456,1507,2014-06-02
76,26,7,32,63,77,127,178,243,292,442,544,781,1353,1571,1668,2014-06-09
77,33,14,24,73,64,150,160,265,322,407,533,892,1321,1463,1527,2014-06-16
78,23,12,18,54,65,108,193,255,284,438,531,763,1251,1394,1463,2014-06-23
79,30,8,23,57,57,133,203,236,289,451,528,814,1224,1380,1418,2014-06-30
80,35,11,27,51,72,119,189,231,296,378,562,818,1187,1364,1396,2014-07-07
81,48,17,28,64,85,114,166,230,320,438,490,825,1275,1385,1580,2014-07-14
82,30,10,32,69,82,129,179,244,309,419,571,775,1346,1441,1491,2014-07-21
83,34,5,30,74,71,121,199,250,317,441,522,742,1127,1427,1507,2014-07-28
84,31,8,30,65,65,127,178,240,326,387,533,764,1231,1387,1519,2014-08-04
85,25,8,25,70,61,118,186,250,289,402,548,781,1258,1337,1366,2014-08-11
86,38,9,31,73,72,151,187,271,297,437,465,751,1188,1258,1415,2014-08-18
87,35,11,22,75,74,127,189,243,303,434,570,793,1249,1423,1447,2014-08-25
88,37,20,21,53,73,100,190,247,285,442,573,823,1295,1445,1453,2014-09-01
89,27,9,19,63,63,131,195,226,335,390,536,765,1193,1309,1426,2014-09-08
90,30,14,28,55,65,121,185,240,317,400,533,731,1208,1327,1372,2014-09-15
91,32,11,31,55,64,98,149,273,325,402,493,772,1176,1300,1327,2014-09-22
92,35,15,23,73,61,121,186,267,305,429,566,771,1240,1396,1442,2014-09-29
93,35,11,22,57,78,118,187,235,306,436,529,801,1236,1470,1466,2014-10-06
94,22,11,23,61,54,113,181,246,339,425,576,818,1349,1473,1574,2014-10-13
95,23,7,24,62,65,121,205,249,337,418,544,835,1300,1515,1617,2014-10-20
96,32,5,26,62,66,115,173,230,335,453,554,834,1264,1514,1624,2014-10-27
97,23,8,37,59,78,113,198,233,332,495,597,806,1322,1487,1545,2014-11-03
98,28,11,24,61,58,110,191,253,314,463,612,850,1338,1571,1720,2014-11-10
99,32,10,22,66,74,121,187,238,341,420,610,863,1357,1591,1696,2014-11-17
100,40,8,23,68,60,126,192,275,322,429,581,851,1367,1662,1725,2014-11-24
101,43,14,28,65,74,136,202,284,343,465,552,869,1417,1548,1605,2014-12-01
102,36,8,27,75,64,145,186,242,335,472,585,876,1468,1692,1779,2014-12-08
103,29,13,30,62,79,152,207,265,343,484,622,894,1459,1717,1889,2014-12-15
104,32,11,25,66,73,125,200,316,344,511,651,918,1562,1855,1846,2014-12-22
105,33,5,23,62,61,132,194,297,352,539,700,1034,1727,2145,2301,2014-12-29
106,38,14,19,66,78,128,201,326,388,558,732,1104,1912,2244,2607,2015-01-05
107,26,14,25,61,76,123,214,304,379,522,813,1101,1961,2417,2702,2015-01-12
108,31,16,28,69,53,129,232,290,388,571,727,1087,1914,2385,2705,2015-01-19
109,33,14,24,63,90,159,223,331,348,554,787,1166,1980,2455,2819,2015-01-26
110,30,7,20,68,73,140,234,311,359,584,725,1148,1926,2337,2720,2015-02-02
111,31,15,26,72,87,123,199,303,395,564,726,1159,2109,2400,2648,2015-02-09
112,33,12,31,57,70,128,240,342,381,571,690,1078,1932,2319,2696,2015-02-16
113,29,9,21,74,80,138,200,276,364,540,693,1081,1815,2214,2524,2015-02-23
114,28,13,28,77,61,112,175,299,368,481,658,1006,1709,2130,2276,2015-03-02
115,33,7,25,66,69,132,196,272,322,505,652,916,1627,1870,2093,2015-03-09
116,34,11,24,59,68,114,185,253,339,449,641,925,1538,1796,1943,2015-03-16
117,37,9,22,77,65,126,180,287,333,481,626,948,1552,1698,1925,2015-03-23
118,31,13,28,61,63,129,178,260,368,414,632,884,1495,1832,1894,2015-03-30
119,32,7,27,56,54,116,227,243,310,467,556,871,1467,1621,1840,2015-04-06
120,23,15,23,50,73,105,189,289,316,445,591,846,1399,1653,1838,2015-04-13
121,32,7,33,50,69,107,197,279,333,480,609,807,1425,1661,1713,2015-04-20
122,34,12,30,58,59,113,183,270,302,425,562,834,1363,1547,1573,2015-04-27
123,31,5,30,60,66,130,201,256,308,442,529,793,1391,1591,1631,2015-05-04
124,27,17,27,61,61,142,160,239,312,444,579,799,1371,1619,1685,2015-05-11
125,27,11,19,53,68,96,191,264,326,449,559,771,1337,1457,1606,2015-05-18
126,22,10,20,57,67,119,194,252,309,400,551,745,1222,1538,1590,2015-05-25
127,28,12,27,71,65,110,181,263,345,391,532,839,1340,1562,1598,2015-06-01
128,23,10,17,75,78,115,200,230,314,451,535,777,1290,1480,1557,2015-06-08
129,38,11,30,65,68,109,176,226,297,426,540,773,1286,1414,1497,2015-06-15
130,29,15,18,50,62,101,179,228,317,420,526,798,1254,1494,1620,2015-06-22
131,28,13,21,69,103,123,226,293,341,458,600,881,1465,1696,1829,2015-06-29
132,37,11,25,68,67,117,205,300,322,471,609,869,1521,1763,1966,2015-07-06
133,34,17,33,56,79,116,207,269,342,451,600,862,1497,1687,1914,2015-07-13
134,26,8,23,64,74,139,190,259,323,471,551,835,1422,1615,1798,2015-07-20
135,23,8,22,75,74,117,171,285,328,391,567,779,1305,1593,1611,2015-07-27
136,37,11,23,63,85,122,189,285,305,438,542,768,1328,1454,1569,2015-08-03
137,35,10,24,65,63,140,186,283,321,441,539,830,1247,1446,1445,2015-08-10
138,29,5,18,59,83,115,161,241,300,425,525,780,1222,1421,1417,2015-08-17
139,26,15,36,73,65,120,195,263,335,430,525,750,1276,1376,1469,2015-08-24
140,20,14,28,79,67,123,191,250,319,394,480,742,1217,1358,1321,2015-08-31
141,29,10,28,70,75,106,181,247,341,393,528,716,1200,1332,1404,2015-09-07
142,31,15,26,59,59,112,170,267,304,380,496,719,1183,1402,1394,2015-09-14
143,35,9,31,60,71,110,173,254,331,446,517,773,1248,1404,1436,2015-09-21
144,34,11,24,51,74,122,171,248,298,422,542,726,1267,1337,1486,2015-09-28
145,24,10,29,56,78,125,194,270,338,418,528,778,1234,1488,1485,2015-10-05
146,21,7,19,75,67,119,194,276,309,437,556,742,1283,1475,1539,2015-10-12
147,24,14,21,61,61,113,201,259,347,426,585,773,1344,1449,1589,2015-10-19
148,23,14,28,55,72,110,216,254,296,428,561,767,1349,1541,1678,2015-10-26
149,32,5,34,51,62,120,183,271,331,461,579,801,1310,1513,1659,2015-11-02
150,21,16,29,50,45,125,186,265,322,477,548,786,1340,1565,1550,2015-11-09
151,22,8,24,55,70,96,210,256,315,405,609,824,1340,1536,1627,2015-11-16
152,25,10,18,61,67,115,191,269,360,480,573,876,1427,1669,1708,2015-11-23
153,29,10,27,71,74,116,192,303,358,489,605,855,1470,1651,1830,2015-11-30
154,29,9,27,60,62,108,193,282,358,480,572,862,1399,1758,1833,2015-12-07
155,24,5,23,63,65,135,217,293,380,487,619,886,1465,1741,1939,2015-12-14
156,30,7,25,60,62,124,201,273,319,452,589,863,1478,1710,1838,2015-12-21
157,23,9,23,65,69,109,193,294,368,459,687,870,1559,1829,1870,2015-12-28
158,27,13,25,77,68,119,195,290,344,483,623,917,1516,1900,2061,2016-01-04
159,26,9,28,58,85,127,209,304,388,456,638,837,1556,1846,2104,2016-01-11
160,35,10,24,67,71,135,240,278,378,511,634,872,1541,1938,2057,2016-01-18
161,37,10,28,64,72,113,228,274,357,484,628,920,1463,1830,1983,2016-01-25
162,31,12,20,53,72,125,203,307,368,513,629,939,1544,1810,1835,2016-02-01
163,36,11,30,67,77,125,171,271,376,527,691,898,1505,1775,1996,2016-02-08
164,28,12,30,66,78,150,192,303,372,481,636,926,1496,1826,1883,2016-02-15
165,24,9,14,60,92,112,201,272,379,514,640,939,1595,1844,1975,2016-02-22
166,23,10,22,63,72,129,214,284,358,483,684,947,1529,1879,1948,2016-02-29
167,27,12,31,65,71,118,185,273,376,577,652,890,1519,1857,2000,2016-03-07
168,23,6,29,68,67,137,211,305,397,511,668,914,1571,1873,2031,2016-03-14
169,25,10,33,46,63,126,204,259,338,491,604,912,1431,1760,1989,2016-03-21
170,34,14,27,65,58,121,210,269,373,497,659,893,1467,1802,1886,2016-03-28
171,24,11,21,53,73,122,229,292,368,455,652,844,1389,1615,1850,2016-04-04
172,24,11,28,53,67,114,215,273,306,443,575,834,1433,1577,1906,2016-04-11
173,26,11,17,66,74,120,172,272,317,441,559,802,1367,1586,1759,2016-04-18
174,19,16,22,61,79,103,206,241,333,441,567,848,1277,1568,1681,2016-04-25
175,35,6,23,64,78,104,171,275,334,437,566,792,1339,1614,1768,2016-05-02
176,37,4,18,65,53,103,190,274,308,440,613,756,1317,1509,1687,2016-05-09
177,36,18,24,59,63,115,183,252,325,436,562,828,1282,1593,1757,2016-05-16
178,50,11,23,51,81,121,186,247,339,406,580,796,1253,1485,1675,2016-05-23
179,32,14,24,51,70,106,189,262,306,419,557,711,1273,1507,1734,2016-05-30
180,18,5,20,52,69,115,205,265,302,436,574,806,1351,1633,1725,2016-06-06
181,19,13,20,55,69,117,184,236,315,423,532,742,1262,1506,1647,2016-06-13
182,20,11,20,69,66,99,206,252,336,424,578,756,1246,1497,1593,2016-06-20
183,30,12,19,58,66,122,203,263,301,458,557,787,1283,1520,1666,2016-06-27
184,33,12,30,67,59,121,189,246,308,410,594,734,1277,1619,1806,2016-07-04
185,33,10,22,72,70,117,184,247,318,442,574,739,1344,1527,1724,2016-07-11
186,38,7,22,60,71,91,174,269,331,449,558,752,1294,1570,1691,2016-07-18
187,35,17,20,66,62,107,161,255,334,412,573,728,1302,1558,1665,2016-07-25
188,31,12,25,49,86,111,200,251,328,400,589,770,1292,1579,1702,2016-08-01
189,30,4,22,58,53,113,189,243,327,467,554,736,1280,1482,1675,2016-08-08
190,29,13,22,67,60,95,197,253,338,458,597,683,1200,1494,1596,2016-08-15
191,22,7,23,74,57,109,206,249,325,400,560,767,1216,1473,1696,2016-08-22
192,22,11,27,56,49,105,200,244,321,452,535,711,1254,1483,1630,2016-08-29
193,27,6,28,63,72,126,183,258,310,409,537,742,1258,1515,1669,2016-09-05
194,34,12,24,60,48,118,179,239,320,394,536,683,1104,1356,1534,2016-09-12
195,27,11,28,50,55,95,162,272,314,438,557,732,1203,1461,1551,2016-09-19
196,33,14,22,55,50,111,181,259,318,454,577,731,1234,1440,1557,2016-09-26
197,18,8,18,57,59,105,177,243,336,420,559,679,1288,1483,1622,2016-10-03
198,27,11,23,50,63,123,179,267,306,454,537,702,1176,1504,1614,2016-10-10
199,25,2,26,62,59,131,186,271,326,383,564,762,1237,1502,1649,2016-10-17
200,32,8,22,58,62,104,165,276,303,432,587,768,1280,1591,1824,2016-10-24
201,18,8,22,55,68,111,197,244,351,406,543,749,1272,1492,1708,2016-10-31
202,39,9,19,59,67,113,206,267,341,465,608,759,1381,1584,1858,2016-11-07
203,24,8,21,57,58,121,173,281,361,477,546,839,1440,1722,1948,2016-11-14
204,35,14,34,60,65,102,183,259,335,459,628,844,1423,1739,1910,2016-11-21
205,30,8,23,71,71,112,200,297,341,452,636,816,1479,1828,1957,2016-11-28
206,37,11,17,71,66,101,211,301,344,430,609,822,1388,1811,1905,2016-12-05
207,36,9,25,63,70,109,187,276,378,491,642,842,1557,1874,2053,2016-12-12
208,21,21,24,63,63,128,185,302,376,503,692,857,1584,1950,2211,2016-12-19
209,22,13,37,69,64,132,219,294,414,503,722,933,1722,2177,2534,2016-12-26
210,36,14,23,46,76,132,212,328,386,511,797,979,1940,2376,2870,2017-01-02
211,23,16,24,72,88,142,235,298,389,558,829,1016,1976,2651,3097,2017-01-09
212,36,9,33,67,88,130,216,329,405,561,782,1034,1999,2481,3164,2017-01-16
213,29,9,22,72,58,98,212,302,423,545,758,973,1959,2586,3022,2017-01-23
214,26,10,36,58,70,129,200,278,407,564,732,1011,1839,2474,2802,2017-01-30
215,23,17,31,53,80,108,193,267,373,474,686,902,1668,2194,2591,2017-02-06
216,32,13,20,61,74,116,181,305,367,487,663,878,1599,1928,2293,2017-02-13
217,23,16,29,62,70,119,199,254,331,461,683,878,1456,1920,2169,2017-02-20
218,29,11,40,62,55,128,185,261,353,521,621,797,1472,1868,1968,2017-02-27
219,18,4,26,61,57,117,179,260,326,465,602,764,1485,1787,2062,2017-03-06
220,21,10,24,60,84,118,170,263,332,441,600,794,1402,1717,1870,2017-03-13
221,17,12,21,52,73,113,185,264,375,452,633,764,1405,1686,1823,2017-03-20
222,32,13,20,52,56,103,193,263,351,435,625,731,1431,1686,1836,2017-03-27
223,25,10,22,69,57,103,200,246,326,453,619,795,1345,1621,1923,2017-04-03
224,23,6,26,48,70,113,197,273,346,454,624,742,1298,1621,1959,2017-04-10
225,29,12,32,53,59,102,194,258,337,459,600,756,1293,1612,1778,2017-04-17
226,22,8,28,64,55,120,204,267,329,408,572,773,1348,1646,1817,2017-04-24
227,30,15,23,64,65,118,204,256,340,443,623,768,1225,1610,1736,2017-05-01
228,25,13,33,55,59,126,150,263,349,456,626,721,1363,1562,1821,2017-05-08
229,21,7,13,58,65,107,204,240,343,425,612,735,1282,1598,1784,2017-05-15
230,30,7,30,70,54,127,201,254,342,429,585,744,1356,1652,1785,2017-05-22
231,22,15,19,49,48,99,155,236,301,415,564,691,1186,1573,1719,2017-05-29
232,27,10,29,65,67,117,195,274,316,402,574,682,1143,1542,1624,2017-06-05
233,35,12,30,59,60,116,197,237,352,457,603,781,1287,1669,1924,2017-06-12
234,27,8,21,72,62,114,196,246,287,446,560,770,1363,1753,2066,2017-06-19
235,28,7,19,65,54,118,208,248,340,456,556,689,1227,1481,1641,2017-06-26
236,34,17,24,59,71,111,185,241,324,451,589,687,1207,1534,1622,2017-07-03
237,23,15,29,80,55,116,214,283,319,435,582,632,1230,1495,1706,2017-07-10
238,31,10,26,57,58,120,185,260,325,449,594,697,1217,1502,1728,2017-07-17
239,27,3,30,67,59,85,166,271,330,424,574,713,1203,1508,1650,2017-07-24
240,26,14,32,64,81,113,180,317,318,424,610,731,1293,1586,1807,2017-07-31
241,24,11,22,64,63,107,175,259,315,455,565,686,1264,1514,1662,2017-08-07
242,22,9,33,43,75,115,205,243,308,456,582,682,1157,1521,1667,2017-08-14
243,23,13,21,67,60,117,173,226,331,421,552,671,1254,1574,1716,2017-08-21
244,36,17,21,53,74,105,187,263,310,412,552,649,1258,1506,1570,2017-08-28
245,28,11,23,57,75,107,172,287,282,387,554,686,1083,1357,1571,2017-09-04
246,25,16,21,59,54,114,174,256,325,429,537,655,1157,1394,1514,2017-09-11
247,23,13,22,60,69,109,177,267,360,430,610,677,1191,1438,1645,2017-09-18
248,27,9,23,57,77,110,200,308,329,468,543,752,1269,1494,1701,2017-09-25
249,29,9,22,48,69,122,174,292,320,448,601,720,1217,1561,1756,2017-10-02
250,23,14,22,57,56,102,173,272,322,439,588,719,1280,1504,1663,2017-10-09
251,30,7,33,53,67,96,185,255,354,472,610,733,1230,1538,1729,2017-10-16
252,30,8,25,66,63,116,190,253,308,440,622,680,1238,1569,1700,2017-10-23
253,26,13,29,49,57,126,167,273,322,458,626,745,1219,1559,1842,2017-10-30
254,32,8,23,52,61,122,185,292,360,449,627,765,1286,1578,1792,2017-11-06
255,29,9,12,58,68,109,210,292,351,483,596,738,1331,1843,1934,2017-11-13
256,35,13,23,55,67,101,179,296,349,483,639,800,1385,1729,2015,2017-11-20
257,42,8,20,71,71,124,203,269,332,487,620,774,1436,1816,1984,2017-11-27
258,27,9,26,55,62,107,176,309,343,491,686,852,1443,1888,2146,2017-12-04
259,31,15,28,52,65,120,189,313,401,538,672,871,1601,2036,2330,2017-12-11
260,27,11,29,72,65,119,195,287,418,532,706,898,1639,2111,2519,2017-12-18
261,42,15,34,60,65,122,240,331,397,567,783,936,1753,2421,2646,2017-12-25
262,32,15,29,63,96,127,226,376,443,611,738,1007,1890,2601,2950,2018-01-01
263,40,9,29,63,79,118,230,315,443,594,807,1080,1819,2393,2886,2018-01-08
264,21,10,25,62,68,138,232,331,402,604,811,991,1860,2473,2953,2018-01-15
265,31,12,18,63,66,114,211,320,433,534,720,963,1768,2246,2825,2018-01-22
266,29,7,27,67,57,108,197,285,418,511,760,960,1714,2173,2580,2018-01-29
267,45,18,29,80,72,111,208,272,425,536,751,989,1654,2255,2570,2018-02-05
268,30,15,26,59,67,109,215,333,418,483,742,957,1694,2284,2673,2018-02-12
269,30,14,30,50,54,109,223,288,426,514,725,964,1597,2101,2531,2018-02-19
270,37,12,23,65,56,112,184,312,380,537,718,917,1611,2158,2477,2018-02-26
271,19,12,30,51,65,108,196,272,404,494,738,832,1565,2001,2416,2018-03-05
272,27,13,29,47,82,98,210,274,389,476,656,837,1521,1920,2283,2018-03-12
273,24,10,25,54,66,122,204,304,371,477,708,790,1376,1923,2162,2018-03-19
274,35,8,30,73,75,109,166,267,371,473,666,828,1443,1920,2164,2018-03-26
275,35,8,19,44,59,108,171,281,405,481,644,822,1402,1806,2129,2018-04-02
276,32,9,26,62,54,102,205,296,323,425,600,861,1422,1834,2084,2018-04-09
277,18,8,18,62,80,125,189,246,346,456,650,768,1325,1737,2084,2018-04-16
278,27,10,23,53,58,105,174,295,315,410,560,720,1312,1708,1965,2018-04-23
279,20,8,23,52,74,106,193,254,336,444,571,769,1206,1552,1751,2018-04-30
280,17,13,38,65,63,105,195,271,340,425,573,745,1263,1584,1898,2018-05-07
281,26,11,28,63,71,113,207,217,384,405,584,720,1207,1645,1830,2018-05-14
282,19,14,21,54,61,120,155,246,354,439,635,688,1254,1636,1831,2018-05-21
283,19,12,17,44,53,100,167,278,339,447,573,698,1224,1614,1721,2018-05-28
284,18,4,32,59,66,101,175,269,339,420,550,681,1248,1523,1624,2018-06-04
285,26,11,24,67,66,109,182,251,343,413,575,645,1165,1560,1717,2018-06-11
286,24,20,35,50,80,110,200,268,370,447,608,715,1283,1646,1857,2018-06-18
287,28,9,20,57,73,100,174,272,323,401,643,749,1289,1704,1856,2018-06-25
288,27,5,27,61,50,105,169,261,348,441,577,685,1155,1600,1794,2018-07-02
289,27,11,26,71,59,120,189,296,346,415,578,740,1179,1532,1777,2018-07-09
290,25,17,28,47,70,102,180,291,328,432,558,709,1194,1495,1710,2018-07-16
291,27,12,17,52,52,118,169,246,301,405,574,734,1198,1488,1762,2018-07-23
292,23,13,30,66,79,119,169,233,369,493,611,732,1224,1632,1938,2018-07-30
293,24,4,28,65,80,109,187,259,349,458,642,786,1308,1703,2001,2018-08-06
294,22,10,25,55,59,109,191,230,302,407,604,726,1153,1540,1761,2018-08-13
295,24,12,21,52,49,109,198,266,310,441,588,678,1159,1495,1613,2018-08-20
296,20,10,25,61,63,128,178,282,331,410,543,659,1081,1468,1668,2018-08-27
297,27,8,31,53,52,111,192,259,353,413,537,671,1111,1433,1655,2018-09-03
298,27,7,27,53,60,123,167,267,350,440,592,694,1084,1386,1557,2018-09-10
299,36,19,23,47,69,114,170,281,353,419,625,706,1107,1487,1697,2018-09-17
300,27,13,21,73,60,122,176,248,332,437,595,700,1171,1544,1711,2018-09-24
301,18,9,20,55,62,103,189,292,386,419,566,750,1139,1507,1695,2018-10-01
302,25,14,29,67,77,87,181,269,320,444,599,713,1210,1555,1847,2018-10-08
303,30,11,23,68,62,106,163,277,323,439,591,693,1167,1581,1816,2018-10-15
304,26,8,26,53,66,106,182,266,310,449,613,714,1204,1580,1724,2018-10-22
305,22,12,22,38,55,111,172,310,353,454,613,827,1224,1723,1858,2018-10-29
306,37,12,25,53,57,115,207,272,341,470,639,749,1297,1746,1992,2018-11-05
307,35,18,25,45,65,111,191,261,355,435,618,816,1289,1637,2098,2018-11-12
308,30,18,26,53,62,99,169,252,359,465,610,751,1236,1742,2060,2018-11-19
309,24,10,29,59,54,94,195,275,333,530,650,781,1215,1697,1983,2018-11-26
310,23,8,21,43,53,108,180,291,382,446,676,768,1297,1737,2018,2018-12-03
311,22,8,28,48,67,121,197,259,384,457,705,804,1330,1796,2086,2018-12-10
312,27,7,28,60,77,98,199,295,355,446,660,826,1364,1861,2124,2018-12-17
313,19,10,26,60,66,108,193,274,393,510,720,822,1387,1906,2156,2018-12-24
314,38,13,32,68,83,132,188,304,389,463,704,911,1493,2003,2306,2018-12-31
315,30,9,26,53,59,114,209,290,425,526,793,960,1674,2214,2643,2019-01-07
316,31,15,23,61,71,108,207,351,401,559,741,1034,1679,2371,2824,2019-01-14
317,15,8,22,53,78,126,217,297,443,503,751,997,1650,2281,2700,2019-01-21
318,32,17,25,51,51,115,196,330,415,536,794,916,1535,2241,2710,2019-01-28
319,24,11,25,57,55,125,225,308,386,553,743,938,1537,2151,2548,2019-02-04
320,28,9,29,55,75,111,198,318,411,486,734,892,1507,2060,2450,2019-02-11
321,27,10,32,59,78,117,190,247,418,526,704,851,1437,2056,2464,2019-02-18
322,29,14,24,49,62,108,208,268,415,487,668,859,1421,2009,2299,2019-02-25
323,27,10,18,65,42,108,202,284,364,470,745,847,1321,1859,2233,2019-03-04
324,29,13,22,55,65,121,167,235,337,437,668,828,1319,1776,2133,2019-03-11
325,20,8,26,55,57,101,200,282,347,452,639,813,1243,1785,1999,2019-03-18
326,33,3,21,44,74,104,206,263,375,458,647,819,1229,1776,2119,2019-03-25
327,31,9,21,63,49,101,167,260,349,481,653,818,1265,1834,1986,2019-04-01
328,28,8,30,64,50,111,180,298,405,448,671,823,1211,1720,2008,2019-04-08
329,19,12,27,49,49,102,181,267,300,437,588,854,1259,1623,2034,2019-04-15
330,21,13,16,46,53,113,162,259,359,437,608,760,1217,1726,1969,2019-04-22
331,27,13,29,39,51,88,180,249,352,432,608,760,1230,1713,1973,2019-04-29
332,18,13,20,56,58,116,175,286,360,444,555,818,1192,1642,1978,2019-05-06
333,21,10,21,60,56,111,143,240,364,428,603,770,1148,1597,1964,2019-05-13
334,28,15,25,61,57,102,169,259,326,424,616,744,1155,1569,1886,2019-05-20
335,19,14,30,52,70,98,186,276,377,441,631,737,1135,1687,1865,2019-05-27
336,19,14,27,56,55,124,167,284,361,438,602,792,1111,1632,1826,2019-06-03
337,24,8,18,56,50,101,185,256,341,411,537,705,1047,1501,1776,2019-06-10
338,23,10,25,35,52,105,193,280,349,450,624,724,1171,1538,1825,2019-06-17
339,23,7,21,64,60,105,180,268,365,461,591,747,1111,1600,1967,2019-06-24
340,33,8,33,54,67,110,178,271,372,471,657,815,1207,1717,2057,2019-07-01
341,25,14,29,56,62,116,155,241,360,400,602,766,1113,1609,1915,2019-07-08
342,19,17,29,49,62,106,224,273,382,376,575,701,1110,1552,1826,2019-07-15
343,26,6,29,55,61,107,147,234,378,395,608,756,1106,1608,1948,2019-07-22
344,23,10,28,55,61,86,208,289,364,416,570,749,1074,1466,1737,2019-07-29
345,22,11,25,63,54,127,189,245,346,426,604,730,1033,1591,1851,2019-08-05
346,17,7,25,58,61,105,177,268,316,431,615,680,1085,1456,1827,2019-08-12
347,31,13,22,52,55,107,173,251,343,399,568,708,1054,1482,1662,2019-08-19
348,25,15,20,66,73,110,167,218,354,409,599,698,1028,1445,1671,2019-08-26
349,20,14,16,60,46,111,205,284,345,383,572,731,1054,1463,1600,2019-09-02
350,13,8,26,48,63,108,164,259,332,424,605,742,1055,1427,1665,2019-09-09
351,27,4,24,54,61,112,167,243,352,480,561,685,1005,1498,1723,2019-09-16
352,16,16,16,40,49,129,193,252,356,436,575,749,1066,1400,1734,2019-09-23
353,29,9,21,49,60,108,194,287,359,407,542,740,1030,1455,1688,2019-09-30
354,32,14,31,56,53,110,187,277,369,421,580,743,1080,1543,1816,2019-10-07
355,20,10,21,49,67,92,201,275,332,418,610,758,1110,1577,1774,2019-10-14
356,25,4,30,67,60,110,171,277,345,488,572,754,1102,1685,1853,2019-10-21
357,14,13,27,47,67,101,183,257,345,446,604,776,1103,1717,1998,2019-10-28
358,16,16,17,45,68,130,206,285,362,471,619,823,1154,1636,1829,2019-11-04
359,22,16,25,46,63,103,190,301,363,441,650,846,1199,1750,2021,2019-11-11
360,24,13,22,41,58,121,186,267,383,480,666,817,1206,1753,2180,2019-11-18
361,32,11,20,57,51,97,195,301,332,491,658,898,1162,1803,2220,2019-11-25
362,33,14,28,47,62,104,208,277,367,450,626,812,1146,1696,2151,2019-12-02
363,32,10,18,53,63,100,177,303,377,468,703,814,1195,1766,2261,2019-12-09
364,33,9,23,56,63,114,204,300,350,455,646,838,1239,1835,2228,2019-12-16
365,36,12,29,73,46,97,206,283,349,463,665,841,1201,1796,2236,2019-12-23
366,22,6,28,68,81,108,199,273,395,481,704,904,1215,1908,2318,2019-12-30
367,32,15,29,59,61,109,210,286,390,516,678,955,1446,2062,2550,2020-01-06
368,30,14,24,65,55,120,212,343,420,536,768,1048,1471,2178,2633,2020-01-13
369,33,12,26,47,66,122,204,319,416,549,806,991,1469,2253,2641,2020-01-20
370,33,12,46,73,80,144,218,309,464,536,717,1048,1409,2234,2651,2020-01-27
371,40,7,32,56,70,106,210,293,420,523,695,933,1374,1915,2518,2020-02-03
372,27,9,40,53,67,101,166,299,385,483,698,937,1332,1903,2339,2020-02-10
373,29,5,23,55,71,115,195,309,363,458,665,894,1243,1798,2190,2020-02-17
374,22,11,25,62,55,123,194,266,376,472,621,821,1225,1807,2299,2020-02-24
375,25,10,23,62,58,116,180,278,384,484,657,911,1256,1862,2159,2020-03-02
376,22,9,26,56,53,121,204,297,424,521,757,1016,1424,2073,2478,2020-03-09
377,22,10,24,77,69,147,247,365,463,643,1058,1501,2103,2934,3180,2020-03-16
378,18,15,24,77,80,169,262,452,707,1022,1726,2545,3318,4432,4981,2020-03-23
379,21,6,31,62,70,153,278,441,681,945,1548,2339,3397,4921,6074,2020-03-30
380,29,8,23,65,72,138,215,360,509,769,1197,1745,2715,4131,5349,2020-04-06
381,23,9,20,50,55,134,222,365,491,613,904,1282,1972,3079,4025,2020-04-13
382,23,6,19,55,68,87,176,317,422,542,777,1028,1550,2312,3070,2020-04-20
383,11,13,17,49,62,101,186,278,418,493,713,915,1307,2008,2437,2020-04-27
384,24,6,27,59,70,116,190,285,402,484,689,855,1193,1813,2245,2020-05-04
385,13,8,23,57,67,96,178,271,389,425,616,844,1090,1641,1818,2020-05-11
386,12,9,17,50,58,103,187,290,398,464,630,810,1120,1544,1951,2020-05-18
387,29,14,26,56,61,120,201,295,345,464,563,768,1082,1627,1969,2020-05-25
388,27,6,19,58,73,104,173,254,351,441,614,722,1065,1449,1788,2020-06-01
389,22,14,19,69,57,109,171,271,355,393,555,732,1029,1394,1659,2020-06-08
390,16,11,22,64,54,100,187,242,331,433,548,721,1067,1503,1733,2020-06-15
391,25,13,25,47,62,104,177,280,375,428,620,798,1074,1514,1970,2020-06-22
392,24,15,30,47,71,99,170,278,390,481,612,761,1123,1592,1942,2020-06-29
393,20,6,23,61,65,110,176,300,347,472,589,792,1124,1658,1989,2020-07-06
394,26,14,25,53,70,99,188,274,340,466,586,783,1133,1583,1922,2020-07-13
395,32,13,22,51,52,98,183,278,393,432,591,814,1127,1726,2015,2020-07-20
396,30,8,37,62,82,104,201,321,369,479,636,876,1292,1846,2246,2020-07-27
397,20,11,31,56,73,107,205,272,360,457,606,877,1263,1760,2296,2020-08-03
398,13,14,44,64,62,102,192,288,381,498,625,845,1219,1706,2117,2020-08-10
399,17,13,40,68,68,119,189,263,382,433,618,795,1152,1691,2038,2020-08-17
400,30,13,39,70,75,114,209,302,393,466,617,868,1149,1623,1986,2020-08-24
401,13,11,24,74,66,95,217,310,374,467,625,820,1137,1636,1908,2020-08-31
402,23,11,28,56,75,117,170,281,406,432,647,877,1190,1680,2005,2020-09-07
403,25,15,15,63,77,109,216,265,348,461,696,855,1192,1771,2060,2020-09-14
404,25,11,30,57,80,122,178,294,382,472,635,922,1195,1656,2005,2020-09-21
405,20,9,33,52,60,122,193,288,408,527,656,859,1215,1757,1989,2020-09-28
406,19,10,23,68,64,118,187,332,440,504,694,913,1237,1850,2134,2020-10-05
407,21,14,19,44,66,127,194,255,421,507,698,931,1330,1822,2145,2020-10-12
408,19,20,21,62,78,142,214,298,403,560,761,987,1412,2055,2438,2020-10-19
409,16,9,26,54,61,111,170,325,481,559,782,1088,1435,2092,2387,2020-10-26
410,14,17,21,65,78,117,183,329,456,561,816,1091,1629,2251,2688,2020-11-02
411,20,9,25,52,69,112,196,308,473,558,814,1051,1550,2247,2546,2020-11-09
412,20,5,28,42,80,77,202,275,442,540,786,1067,1440,2204,2487,2020-11-16
413,21,9,23,54,58,109,210,272,433,549,778,1038,1448,2071,2461,2020-11-23
414,26,7,25,59,64,124,176,322,418,610,764,1017,1463,1992,2474,2020-11-30
415,17,11,28,66,64,121,184,304,460,561,779,974,1387,2076,2502,2020-12-07
416,30,11,23,62,75,100,220,257,458,566,745,947,1390,1996,2407,2020-12-14
417,27,9,33,54,64,105,192,297,450,492,737,948,1288,1946,2373,2020-12-21
418,6,6,12,29,46,69,114,205,267,303,435,573,778,1202,1417,2020-12-28
419,18,14,21,49,69,143,235,316,479,570,789,1135,1518,2323,2791,2021-01-04
420,13,10,23,75,56,121,204,371,529,657,871,1245,1804,2631,3248,2021-01-11
421,24,6,22,62,80,144,217,382,529,657,1007,1352,2126,2841,3501,2021-01-18
422,16,10,17,52,66,134,246,354,595,684,960,1353,2035,2866,3313,2021-01-25
423,24,11,23,57,66,122,213,362,539,655,950,1335,1753,2527,2934,2021-02-01
424,23,16,24,50,74,95,192,351,463,659,860,1149,1620,2198,2594,2021-02-08
425,23,4,26,56,76,111,238,331,459,617,769,1093,1364,1970,2351,2021-02-15
426,16,9,22,59,71,119,179,329,446,611,780,1055,1331,1835,2170,2021-02-22
427,17,20,26,58,76,109,195,290,409,545,736,974,1220,1748,2119,2021-03-01
428,19,15,32,64,60,105,183,284,399,547,708,968,1223,1685,2026,2021-03-08
429,24,11,25,56,71,115,171,248,397,507,652,910,1157,1730,2003,2021-03-15
430,25,6,19,58,54,103,204,297,423,509,707,874,1211,1682,2017,2021-03-22
431,23,12,27,60,75,99,165,284,418,495,646,993,1135,1676,2087,2021-03-29
432,24,11,21,51,53,114,183,276,392,515,652,878,1199,1715,1996,2021-04-05
433,15,11,17,61,63,114,188,262,392,524,696,863,1114,1641,1986,2021-04-12
434,21,8,38,60,62,102,184,285,413,494,667,905,1183,1656,2006,2021-04-19
435,23,8,25,56,52,101,192,281,438,483,672,835,1079,1661,1961,2021-04-26
436,22,15,23,42,81,108,176,295,409,520,682,912,1185,1567,2025,2021-05-03
437,24,18,27,51,68,111,170,276,378,501,669,843,1088,1596,1918,2021-05-10
438,23,11,25,63,60,102,175,296,363,462,636,819,1088,1570,1913,2021-05-17
439,21,15,23,41,64,90,187,277,371,493,615,865,1020,1536,1819,2021-05-24
440,22,7,26,55,64,112,175,288,393,470,588,767,1015,1498,1873,2021-05-31
441,17,8,23,65,64,97,201,272,365,504,598,769,1075,1640,2012,2021-06-07
442,16,11,25,58,62,99,172,248,394,487,622,796,1018,1631,2160,2021-06-14
443,33,9,27,64,61,108,167,296,383,440,597,774,1012,1498,1816,2021-06-21
444,23,22,36,55,65,104,166,289,379,494,585,806,1063,1610,1860,2021-06-28
445,27,17,29,46,91,120,161,293,349,457,599,813,1017,1585,1940,2021-07-05
446,26,15,36,63,60,115,175,256,402,448,633,841,1073,1519,1901,2021-07-12
447,16,13,21,71,59,112,193,305,390,520,666,911,1259,1757,2188,2021-07-19
448,30,14,34,66,63,111,184,273,400,508,632,907,1157,1776,2207,2021-07-26
449,20,19,24,61,65,123,190,305,429,551,645,910,1251,1793,2256,2021-08-02
450,21,12,25,57,69,110,185,293,423,533,698,931,1242,1976,2285,2021-08-09
451,32,16,26,65,60,129,188,317,441,513,679,911,1173,1826,2390,2021-08-16
452,31,11,26,62,56,102,180,304,373,488,646,876,1154,1725,2180,2021-08-23
453,28,13,30,66,63,112,189,302,414,500,626,829,1111,1572,2081,2021-08-30
454,20,12,30,62,60,129,193,276,387,457,686,808,1061,1702,2012,2021-09-06
455,29,9,35,57,48,113,206,288,378,440,626,828,1055,1533,1859,2021-09-13
456,24,7,39,47,66,107,184,260,382,469,595,821,1087,1458,1884,2021-09-20
457,29,8,28,54,56,93,170,298,390,416,645,770,1037,1614,1940,2021-09-27
458,26,14,22,55,64,105,158,271,375,476,652,855,1007,1555,1891,2021-10-04
459,20,8,35,57,63,108,167,266,361,479,649,823,1007,1591,1952,2021-10-11
460,19,7,26,51,66,97,162,277,384,448,575,831,1085,1593,2123,2021-10-18
461,33,21,18,66,58,112,178,269,406,499,641,938,1120,1650,2170,2021-10-25
462,20,15,21,45,68,103,178,283,389,484,597,848,1127,1578,2065,2021-11-01
463,31,12,24,59,59,106,181,287,445,498,732,943,1137,1813,2390,2021-11-08
464,17,10,29,44,58,104,187,296,415,558,688,915,1191,1873,2408,2021-11-15
465,25,16,35,58,69,105,204,254,424,536,701,915,1224,1903,2377,2021-11-22
466,24,15,29,72,65,114,220,294,436,561,726,991,1308,2001,2530,2021-11-29
467,18,2,26,43,46,104,189,317,433,503,732,897,1209,1999,2499,2021-12-06
468,21,11,35,57,72,127,204,307,473,580,768,989,1251,1978,2630,2021-12-13
469,26,7,34,73,72,113,190,357,466,614,735,1006,1364,2045,2678,2021-12-20
470,31,24,32,63,70,114,189,315,482,604,764,1107,1363,1984,2699,2021-12-27
471,28,17,32,64,80,109,215,338,458,595,802,1109,1312,2067,2704,2022-01-03
472,18,12,29,45,74,164,197,338,537,652,849,1097,1473,2265,2929,2022-01-10
473,20,9,27,64,60,117,216,335,509,606,862,1148,1489,2353,3028,2022-01-17
474,23,11,23,74,87,108,228,374,490,666,896,1216,1484,2392,3143,2022-01-24
475,39,9,21,68,67,144,223,336,458,661,816,1188,1408,2343,3114,2022-01-31
476,19,9,29,64,69,105,212,319,468,575,774,1065,1378,2174,2764,2022-02-07
477,29,9,29,62,61,109,184,295,437,566,782,980,1305,1929,2499,2022-02-14
478,21,11,30,56,71,99,174,310,418,548,731,968,1242,1921,2345,2022-02-21
479,28,15,22,58,73,137,177,315,424,520,716,891,1130,1792,2332,2022-02-28
480,22,12,21,40,74,112,168,262,373,515,695,1011,1118,1771,2304,2022-03-07
481,20,7,42,39,69,104,179,308,426,483,680,932,1119,1878,2239,2022-03-14
482,27,10,26,52,72,109,174,322,409,520,702,874,1128,1761,2344,2022-03-21
483,17,12,31,46,57,113,207,302,440,518,653,951,1076,1795,2282,2022-03-28
484,22,18,27,59,68,102,199,293,427,496,691,952,1148,1826,2381,2022-04-04
485,24,12,28,47,55,104,203,267,406,500,694,958,1174,1783,2444,2022-04-11
486,33,15,26,58,51,96,189,254,381,492,705,897,1123,1732,2347,2022-04-18
487,22,18,29,50,76,97,168,284,370,534,676,947,1119,1801,2308,2022-04-25
488,29,20,29,51,59,118,189,248,396,538,637,940,1163,1680,2393,2022-05-02
489,28,7,25,57,67,100,138,278,409,482,692,976,1186,1882,2485,2022-05-09
490,32,9,22,55,65,115,201,319,392,524,670,922,1158,1903,2515,2022-05-16
491,22,11,32,49,70,104,189,306,386,500,639,941,1111,1575,2289,2022-05-23
492,24,18,21,51,68,86,170,277,410,489,640,912,1119,1643,2203,2022-05-30
493,26,10,34,58,64,93,152,289,397,490,671,856,1111,1649,2280,2022-06-06
494,32,9,33,66,56,127,205,288,421,507,728,969,1219,1965,2730,2022-06-13
495,27,11,30,56,65,106,182,284,404,501,670,947,1145,1752,2396,2022-06-20
496,30,16,19,50,54,98,188,319,395,514,693,964,1154,1771,2324,2022-06-27
497,37,9,34,61,85,119,159,292,438,557,718,1002,1212,1845,2535,2022-07-04
498,16,15,28,71,63,125,219,347,447,552,777,1129,1459,2292,3330,2022-07-11
499,18,19,24,53,58,126,203,345,465,566,818,1208,1404,2341,3315,2022-07-18
500,31,13,32,74,59,117,201,309,427,545,698,1096,1365,2078,2856,2022-07-25
501,31,12,35,63,65,136,198,264,439,503,725,1017,1229,1971,2734,2022-08-01
502,25,12,28,61,72,127,197,298,438,535,656,1076,1226,1965,2586,2022-08-08
503,23,9,26,78,66,101,185,273,374,459,681,896,1033,1687,2180,2022-08-15
504,24,13,26,52,69,95,175,311,399,493,652,907,1061,1716,2143,2022-08-22
505,19,13,28,50,63,93,178,258,358,437,669,870,989,1653,2056,2022-08-29
506,26,18,30,62,60,97,173,279,426,496,626,893,998,1493,1967,2022-09-05
507,32,15,21,49,52,104,169,262,375,476,603,823,1074,1567,2001,2022-09-12
508,24,12,26,43,56,117,183,270,371,500,601,810,980,1554,1876,2022-09-19
509,33,17,18,49,70,98,152,306,381,489,633,871,991,1458,1966,2022-09-26
510,26,14,33,54,61,90,190,298,358,501,660,908,1039,1612,2127,2022-10-03
511,29,12,31,45,58,99,157,284,362,490,652,836,1072,1543,2129,2022-10-10
512,27,6,33,62,75,96,174,266,353,506,663,914,1015,1708,2289,2022-10-17
513,27,12,33,51,54,102,159,250,374,487,667,902,1094,1632,2154,2022-10-24
514,23,17,22,57,58,101,175,263,389,468,581,872,988,1544,2132,2022-10-31
515,32,14,18,58,49,111,184,318,434,514,643,909,1073,1643,2238,2022-11-07
516,19,15,34,53,54,94,185,286,425,518,666,944,1145,1708,2293,2022-11-14
517,21,9,25,56,55,94,182,284,407,556,694,938,1140,1669,2400,2022-11-21
518,26,23,35,55,79,99,198,285,425,504,760,1033,1201,1852,2461,2022-11-28
